A0166-2A72-01,A0166-2A72-02_Throughput,0
A0166-2A72-01,NNH-2A72-01_Throughput,0
A0166-2A72-02,A0166-2A72-01_Throughput,0
A0166-2A72-02,NNH-2A72-02_Throughput,0
A0263-2A72-01,A0263-2A72-02_Throughput,0
A0263-2A72-01,NNH-1A75-01_Throughput,0
A0263-2A72-01,NNH-2A72-01_Throughput,0
A0263-2A72-02,A0263-2A72-01_Throughput,0
A0263-2A72-02,NNH-1A75-02_Throughput,0
A0263-2A72-02,NNH-2A72-02_Throughput,0
A0305-2A72-01,A0305-2A72-02_Throughput,0
A0305-2A72-01,NNH-2A72-01_Throughput,0
A0305-2A72-01,TM01R_Throughput,0
A0305-2A72-01,TM02R_Throughput,0
A0305-2A72-01,TM03R_Throughput,0
A0305-2A72-01,TM04R_Throughput,0
A0305-2A72-01,TM05R_Throughput,0
A0305-2A72-02,A0305-2A72-01_Throughput,0
A0305-2A72-02,NNH-2A72-02_Throughput,0
A0305-2A72-02,TM01R_Throughput,0
A0305-2A72-02,TM02R_Throughput,0
A0305-2A72-02,TM03R_Throughput,0
A0305-2A72-02,TM04R_Throughput,0
A0305-2A72-02,TM05R_Throughput,0
A2421-2A72-01,A2421-2A72-02_Throughput,0
A2421-2A72-01,NNH-2A72-01_Throughput,0
A2421-2A72-02,A2421-2A72-01_Throughput,0
A2421-2A72-02,NNH-2A72-02_Throughput,0
AWH-2A72-01,NSY-2A72-01_Throughput,0
AWH-2A72-01,NSY-2A72-02_Throughput,0
AWS-2A72-01,NSY-2A72-01_Throughput,0
AWS-2A72-01,NSY-2A72-02_Throughput,0
Amazon,router_nttmx_1_ae0_42_log,0
B0102-2A72-01,TC01R_Throughput,0
B0102-2A72-01,TC02R_Throughput,0
B0102-2A72-01,TC03R_Throughput,0
B0102-2A72-01,TC04R_Throughput,0
B0102-2A72-01,TC05R_Throughput,0
B0102-2A72-02,TC01R_Throughput,0
B0102-2A72-02,TC02R_Throughput,0
B0102-2A72-02,TC03R_Throughput,0
B0102-2A72-02,TC04R_Throughput,0
B0102-2A72-02,TC05R_Throughput,0
CT,router_hkmx480_ae0_405_log,0
CTP-1A75-01,SCJ-1A75-01_Throughput,0
CTP-1A75-02,NPC-1A75-01_Throughput,0
CTP-2A72-01,TD08R_Throughput,0
CTP-2A72-01,TD09R_Throughput,0
CTP-2A72-01,TD10R_Throughput,0
CTP-2A72-01,TD11R_Throughput,0
CTP-2A72-01,TD12R_Throughput,0
CTP-2A72-01,TD13R_Throughput,0
CTP-2A72-01,TD14R_Throughput,0
CTP-2A72-02,TD08R_Throughput,0
CTP-2A72-02,TD09R_Throughput,0
CTP-2A72-02,TD10R_Throughput,0
CTP-2A72-02,TD11R_Throughput,0
CTP-2A72-02,TD12R_Throughput,0
CTP-2A72-02,TD13R_Throughput,0
CTP-2A72-02,TD14R_Throughput,0
CTP-2A72-03,TD15R_Throughput,0
CTP-2A72-04,TD15R_Throughput,0
CTP-3A23-01,TD01R_Throughput,0
CTP-3A23-01,TD02R_Throughput,0
CTP-3A23-01,TD04R_Throughput,0
CTP-3A23-01,TD07R_Throughput,0
CTP-3A23-02,TD01R_Throughput,0
CTP-3A23-02,TD02R_Throughput,0
CTP-3A23-02,TD04R_Throughput,0
CTP-3A23-02,TD07R_Throughput,0
F0109-2A72-01,NNH-2A72-01_Throughput,0
F0109-2A72-01,NNH-2A72-02_Throughput,0
FKHPE.SRT001,KS01MC_Throughput,0
FKHPE.SRT001,KS02MC_Throughput,0
FKHPE.SRT002,KS01MC_Throughput,0
FKHPE.SRT002,KS02MC_Throughput,0
FKHPE.SRT003,HLR13_Throughput,0
FKHPE.SRT003,KS01MG_Throughput,0
FKHPE.SRT003,KS02MG_Throughput,0
FKHPE.SRT003,KSSTP_Throughput,0
FKHPE.SRT004,HLR13_Throughput,0
FKHPE.SRT004,KS01MG_Throughput,0
FKHPE.SRT004,KS02MG_Throughput,0
FKHPE.SRT004,KSSTP_Throughput,0
FNLPE.JRT003,TY51S_Payload_Throughput,0
FNLPE.JRT003,TY52S_Payload_Throughput,0
FNLPE.JRT003,TY53G_Throughput,0
FNLPE.JRT003,TY53S_Payload_Throughput,0
FNLPE.JRT003,TY54G_Throughput,0
FNLPE.JRT003,TY54S_Payload_Throughput,0
FNLPE.JRT003,TY56S_Payload_Throughput,0
FNLPE.JRT004,TY51S_Payload_Throughput,0
FNLPE.JRT004,TY52S_Payload_Throughput,0
FNLPE.JRT004,TY53G_Throughput,0
FNLPE.JRT004,TY53S_Payload_Throughput,0
FNLPE.JRT004,TY54G_Throughput,0
FNLPE.JRT004,TY54S_Payload_Throughput,0
FNLPE.JRT004,TY56S_Payload_Throughput,0
FNLPE.SRT001,HLR12_Throughput,0
FNLPE.SRT001,TY01MC_Throughput,0
FNLPE.SRT001,TY01MG_Throughput,0
FNLPE.SRT001,TY02MG_Throughput,0
FNLPE.SRT001,TY56S_Signaling_Throughput,0
FNLPE.SRT001,TYSTP_Throughput,0
FNLPE.SRT002,HLR12_Throughput,0
FNLPE.SRT002,TY01MC_Throughput,0
FNLPE.SRT002,TY01MG_Throughput,0
FNLPE.SRT002,TY02MG_Throughput,0
FNLPE.SRT002,TY56S_Signaling_Throughput,0
FNLPE.SRT002,TYSTP_Throughput,0
FNLPE.SRT003,TY02MC_Throughput,0
FNLPE.SRT004,TY02MC_Throughput,0
FPCBR.JRT001,CPP1_Throughput,0
FPCBR.JRT001,CPP2_Throughput,0
FPCBR.JRT002,CPP1_Throughput,0
FPCBR.JRT002,CPP2_Throughput,0
FPCPE.SRT001,TP01MC_Throughput,0
FPCPE.SRT001,TPSTP_Throughput,0
FPCPE.SRT002,TP01MC_Throughput,0
FPCPE.SRT002,TPSTP_Throughput,0
FTDPE.JRT001,TD11G_Throughput,0
FTDPE.JRT002,TD11G_Throughput,0
FTDPE.SRT001,TD01MC_Throughput,0
FTDPE.SRT001,TD01MG_Throughput,0
FTDPE.SRT001,TD02MG_Throughput,0
FTDPE.SRT001,TDSTP_Throughput,0
FTDPE.SRT002,TD01MC_Throughput,0
FTDPE.SRT002,TD01MG_Throughput,0
FTDPE.SRT002,TD02MG_Throughput,0
FTDPE.SRT002,TDSTP_Throughput,0
FTNPE.SRT001,HLR6_Throughput,0
FTNPE.SRT001,TN01MC_Throughput,0
FTNPE.SRT001,TN01MG_Throughput,0
FTNPE.SRT002,HLR6_Throughput,0
FTNPE.SRT002,TN01MC_Throughput,0
FTNPE.SRT002,TN01MG_Throughput,0
FWKPE.JRT003,WK51S_Payload_Throughput,0
FWKPE.JRT003,WK52G_Throughput,0
FWKPE.JRT003,WK52S_Payload_Throughput,0
FWKPE.JRT004,WK51S_Payload_Throughput,0
FWKPE.JRT004,WK52G_Throughput,0
FWKPE.JRT004,WK52S_Payload_Throughput,0
FWKPE.SRT001,HLR5_Throughput,0
FWKPE.SRT001,WK01MC_Throughput,0
FWKPE.SRT001,WK01MG_Throughput,0
FWKPE.SRT001,WK02MG_Throughput,0
FWKPE.SRT001,WK52S_Signaling_Throughput,0
FWKPE.SRT002,HLR5_Throughput,0
FWKPE.SRT002,WK01MC_Throughput,0
FWKPE.SRT002,WK01MG_Throughput,0
FWKPE.SRT002,WK02MG_Throughput,0
FWKPE.SRT002,WK52S_Signaling_Throughput,0
Facebook,router_nttmx_1_ae0_44_log,0
Facebook,router_nttmx_2_ae0_43_log,0
GYL-2A72-01,GYL-2A72-02_Throughput,0
GYL-2A72-01,NNH-2A72-01_Throughput,0
GYL-2A72-02,GYL-2A72-01_Throughput,0
GYL-2A72-02,NYL-2A71-01_Throughput,0
H0208-2A72-01,NNL-2A72-03_Throughput,0
H0208-2A72-01,NNL-2A72-04_Throughput,0
H1131-2A72-01,NTY-2A72-01_Throughput,0
H1131-2A72-01,NTY-2A72-02_Throughput,0
H1550-2A72-01,NNL-2A72-03_Throughput,0
H1550-2A72-01,NNL-2A72-04_Throughput,0
H1999-2A72-01,NNL-2A72-03_Throughput,0
H1999-2A72-01,NNL-2A72-04_Throughput,0
HKIX,lansw_twgate59_214_te08_log,0
HKIX,router_nht640_1_xe712_log,0
HLR12,CP_LOAD,0
HLR12,SLI36_SCTPTM,0
HLR12,SLI37_SCTPTM,0
HLR12,SLI40_SCTPTM,0
HLR12,SLI41_SCTPTM,0
HLR12,SLI44_SCTPTM,0
HLR12,SLI45_SCTPTM,0
HLR12,SLI46_SCTPTM,0
HLR12,SLI47_SCTPTM,0
HLR13,CP_LOAD,0
HLR13,SLI36_SCTPTM,0
HLR13,SLI37_SCTPTM,0
HLR13,SLI40_SCTPTM,0
HLR13,SLI41_SCTPTM,0
HLR13,SLI44_SCTPTM,0
HLR13,SLI45_SCTPTM,0
HLR13,SLI46_SCTPTM,0
HLR13,SLI47_SCTPTM,0
HLR5,CP_LOAD,0
HLR5,SLI322_SCTPTM,0
HLR5,SLI323_SCTPTM,0
HLR5,SLI324_SCTPTM,0
HLR5,SLI325_SCTPTM,0
HLR5,SLI326_SCTPTM,0
HLR5,SLI327_SCTPTM,0
HLR5,SLI328_SCTPTM,0
HLR5,SLI329_SCTPTM,0
HLR6,CP_LOAD,0
HLR6,SLI322_SCTPTM,0
HLR6,SLI323_SCTPTM,0
HLR6,SLI324_SCTPTM,0
HLR6,SLI325_SCTPTM,0
HLR6,SLI326_SCTPTM,0
HLR6,SLI327_SCTPTM,0
HLR6,SLI328_SCTPTM,0
HLR6,SLI329_SCTPTM,0
HPZ-2A72-01,NNL-2A72-03_Throughput,0
HPZ-2A72-01,NNL-2A72-04_Throughput,0
J0409-2A72-01,NJG-2A72-01_Throughput,0
J0409-2A72-01,NJG-2A72-02_Throughput,0
KNHPE.JRT001,TM51G_Throughput,0
KNHPE.JRT001,TM52S_Payload_Throughput,0
KNHPE.JRT001,TM53S_Payload_Throughput,0
KNHPE.JRT001,TM54S_Payload_Throughput,0
KNHPE.JRT002,TM51G_Throughput,0
KNHPE.JRT002,TM52S_Payload_Throughput,0
KNHPE.JRT002,TM53S_Payload_Throughput,0
KNHPE.JRT002,TM54S_Payload_Throughput,0
KNHPE.SRT001,TM53S_Signaling_Throughput,0
KNHPE.SRT001,TM54S_Signaling_Throughput,0
KNHPE.SRT002,TM53S_Signaling_Throughput,0
KNHPE.SRT002,TM54S_Signaling_Throughput,0
KS01MC,CP_LOAD,0
KS01MC,RP100_RPLOAD,0
KS01MC,RP100_RPLOAD_BigChange,0
KS01MC,RP102_RPLOAD,0
KS01MC,RP102_RPLOAD_BigChange,0
KS01MC,RP105_RPLOAD,0
KS01MC,RP105_RPLOAD_BigChange,0
KS01MC,RP107_RPLOAD,0
KS01MC,RP107_RPLOAD_BigChange,0
KS01MC,RP111_RPLOAD,0
KS01MC,RP111_RPLOAD_BigChange,0
KS01MC,RP113_RPLOAD,0
KS01MC,RP113_RPLOAD_BigChange,0
KS01MC,RP117_RPLOAD,0
KS01MC,RP117_RPLOAD_BigChange,0
KS01MC,RP119_RPLOAD,0
KS01MC,RP119_RPLOAD_BigChange,0
KS01MC,SCCPMessagesCount_BigChange,0
KS01MC,SLI100_SCTPTM,0
KS01MC,SLI102_SCTPTM,0
KS01MC,SLI105_SCTPTM,0
KS01MC,SLI107_SCTPTM,0
KS01MC,SLI111_SCTPTM,0
KS01MC,SLI113_SCTPTM,0
KS01MC,SLI117_SCTPTM,0
KS01MC,SLI119_SCTPTM,0
KS01MG,B7202_MTP3BUtil,0
KS01MG,B7203_MTP3BUtil,0
KS01MG,B7204_MTP3BUtil,0
KS01MG,B7205_MTP3BUtil,0
KS01MG,B7206_MTP3BUtil,0
KS01MG,B7207_MTP3BUtil,0
KS01MG,B7211_MTP3BUtil,0
KS01MG,B7212_MTP3BUtil,0
KS01MG,B7213_MTP3BUtil,0
KS01MG,B7214_MTP3BUtil,0
KS01MG,B7215_MTP3BUtil,0
KS01MG,B7216_MTP3BUtil,0
KS01MG,B7217_MTP3BUtil,0
KS01MG,B7218_MTP3BUtil,0
KS01MG,B7219_MTP3BUtil,0
KS01MG,B7301_MTP3BUtil,0
KS01MG,B7302_MTP3BUtil,0
KS01MG,BSC7208_MTP3BUtil,0
KS01MG,BSC7209_MTP3BUtil,0
KS01MG,BSC7210_MTP3BUtil,0
KS02MC,CP_LOAD,0
KS02MC,RP42_RPLOAD,0
KS02MC,RP42_RPLOAD_BigChange,0
KS02MC,RP43_RPLOAD,0
KS02MC,RP43_RPLOAD_BigChange,0
KS02MC,RP46_RPLOAD,0
KS02MC,RP46_RPLOAD_BigChange,0
KS02MC,RP47_RPLOAD,0
KS02MC,RP47_RPLOAD_BigChange,0
KS02MC,RP50_RPLOAD,0
KS02MC,RP50_RPLOAD_BigChange,0
KS02MC,RP51_RPLOAD,0
KS02MC,RP51_RPLOAD_BigChange,0
KS02MC,RP54_RPLOAD,0
KS02MC,RP54_RPLOAD_BigChange,0
KS02MC,RP55_RPLOAD,0
KS02MC,RP55_RPLOAD_BigChange,0
KS02MC,SCCPMessagesCount_BigChange,0
KS02MC,SLI42_SCTPTM,0
KS02MC,SLI43_SCTPTM,0
KS02MC,SLI46_SCTPTM,0
KS02MC,SLI47_SCTPTM,0
KS02MC,SLI50_SCTPTM,0
KS02MC,SLI51_SCTPTM,0
KS02MC,SLI54_SCTPTM,0
KS02MC,SLI55_SCTPTM,0
KS02MG,B7202_MTP3BUtil,0
KS02MG,B7203_MTP3BUtil,0
KS02MG,B7204_MTP3BUtil,0
KS02MG,B7205_MTP3BUtil,0
KS02MG,B7206_MTP3BUtil,0
KS02MG,B7207_MTP3BUtil,0
KS02MG,B7211_MTP3BUtil,0
KS02MG,B7212_MTP3BUtil,0
KS02MG,B7213_MTP3BUtil,0
KS02MG,B7214_MTP3BUtil,0
KS02MG,B7215_MTP3BUtil,0
KS02MG,B7216_MTP3BUtil,0
KS02MG,B7217_MTP3BUtil,0
KS02MG,B7218_MTP3BUtil,0
KS02MG,B7219_MTP3BUtil,0
KS02MG,B7301_MTP3BUtil,0
KS02MG,B7302_MTP3BUtil,0
KS02MG,BSC7208_MTP3BUtil,0
KS02MG,BSC7209_MTP3BUtil,0
KS02MG,BSC7210_MTP3BUtil,0
KS21R,KS21R_RAB_Attempt,0
KS21R,KS21R_RRC_Attempt,0
KS22R,KS22R_RAB_Attempt,0
KS22R,KS22R_RRC_Attempt,0
KS23R,KS23R_RAB_Attempt,0
KS23R,KS23R_RRC_Attempt,0
KS24R,KS24R_RAB_Attempt,0
KS24R,KS24R_RRC_Attempt,0
KS25R,KS25R_RAB_Attempt,0
KS25R,KS25R_RRC_Attempt,0
KS26R,KS26R_RAB_Attempt,0
KS26R,KS26R_RRC_Attempt,0
KS27R,KS27R_RAB_Attempt,0
KS27R,KS27R_RRC_Attempt,0
KS28R,KS28R_RAB_Attempt,0
KS28R,KS28R_RRC_Attempt,0
KS29R,KS29R_RAB_Attempt,0
KS29R,KS29R_RRC_Attempt,0
KS30R,KS30R_RAB_Attempt,0
KS30R,KS30R_RRC_Attempt,0
KS31R,KS31R_RAB_Attempt,0
KS31R,KS31R_RRC_Attempt,0
KS32R,KS32R_RAB_Attempt,0
KS32R,KS32R_RRC_Attempt,0
KS33R,KS33R_RAB_Attempt,0
KS33R,KS33R_RRC_Attempt,0
KS34R,KS34R_RAB_Attempt,0
KS34R,KS34R_RRC_Attempt,0
KS35R,KS35R_RAB_Attempt,0
KS35R,KS35R_RRC_Attempt,0
KS36R,KS36R_RAB_Attempt,0
KS36R,KS36R_RRC_Attempt,0
KSHSSF,CP_LOAD,0
NBS-2A72-01,NPC-2A72-02_Throughput,0
NBS-2A72-01,NST-2A72-02_Throughput,0
NCD-2A72-01,NCD-2A72-02_Throughput,0
NCD-2A72-01,NNH-2A72-01_Throughput,0
NCD-2A72-02,NCD-2A72-01_Throughput,0
NCD-2A72-02,NNH-2A72-02_Throughput,0
NH468_PE_MX960_001,NNH11G_Throughput,0
NH468_PE_MX960_001,NNH11S_Throughput,0
NH468_PE_MX960_001,NNH12G_Throughput,0
NH468_PE_MX960_002,NNH11G_Throughput,0
NH468_PE_MX960_002,NNH11S_Throughput,0
NH468_PE_MX960_002,NNH12G_Throughput,0
NH468_SPE_MX960_001,NNH11S_Throughput,0
NH468_SPE_MX960_002,NNH11S_Throughput,0
NHS-2A72-01,NHS-2A72-02_Throughput,0
NHS-2A72-02,NHS-2A72-01_Throughput,0
NJB-2A72-01,NJB-2A72-02_Throughput,0
NJB-2A72-01,NNL-2A72-01_Throughput,0
NJB-2A72-02,NJB-2A72-01_Throughput,0
NJB-2A72-02,NNL-2A72-02_Throughput,0
NJG-2A72-01,J0409-2A72-01_Throughput,0
NJG-2A72-01,NJG-2A72-02_Throughput,0
NJG-2A72-01,NNL-2A72-01_Throughput,0
NJG-2A72-02,J0409-2A72-01_Throughput,0
NJG-2A72-02,NJG-2A72-01_Throughput,0
NJG-2A72-02,NNL-2A72-02_Throughput,0
NJS-2A72-01,NJS-2A72-02_Throughput,0
NJS-2A72-01,NSY-2A72-01_Throughput,0
NJS-2A72-02,NJS-2A72-01_Throughput,0
NJS-2A72-02,NSY-2A72-02_Throughput,0
NNH-1A75-01,A0263-2A72-01_Throughput,0
NNH-1A75-01,NNH-1A75-02_Throughput,0
NNH-1A75-01,NNH-2A72-01_Throughput,0
NNH-1A75-01,NNH-2A72-03_Throughput,0
NNH-1A75-01,NNH-2A74-01_Throughput,0
NNH-1A75-01,NPC-1A75-01_Throughput,0
NNH-1A75-01,NSY-1A72-01_Throughput,0
NNH-1A75-01,SCJ-1A75-02_Throughput,0
NNH-1A75-02,A0263-2A72-02_Throughput,0
NNH-1A75-02,NNH-1A72-02_Throughput,0
NNH-1A75-02,NNH-1A75-01_Throughput,0
NNH-1A75-02,NNH-2A72-02_Throughput,0
NNH-1A75-02,NNH-2A72-04_Throughput,0
NNH-1A75-02,NNH-2A74-02_Throughput,0
NNH-1A75-02,NPC-1A75-02_Throughput,0
NNH-1A75-02,NSY-1A72-02_Throughput,0
NNH-2A72-01,A0166-2A72-01_Throughput,0
NNH-2A72-01,A0263-2A72-01_Throughput,0
NNH-2A72-01,A0305-2A72-01_Throughput,0
NNH-2A72-01,A2421-2A72-01_Throughput,0
NNH-2A72-01,F0109-2A72-01_Throughput,0
NNH-2A72-01,GYL-2A72-01_Throughput,0
NNH-2A72-01,NCD-2A72-01_Throughput,0
NNH-2A72-01,NNH-1A75-01_Throughput,0
NNH-2A72-01,NNH-2A72-02_Throughput,0
NNH-2A72-01,NTS-2A72-01_Throughput,0
NNH-2A72-01,UHL-2A72-01_Throughput,0
NNH-2A72-01_2G,UHL-2A72-01_2G_Throughput,0
NNH-2A72-02,A0166-2A72-02_Throughput,0
NNH-2A72-02,A0263-2A72-02_Throughput,0
NNH-2A72-02,A0305-2A72-02_Throughput,0
NNH-2A72-02,A2421-2A72-02_Throughput,0
NNH-2A72-02,F0109-2A72-01_Throughput,0
NNH-2A72-02,NCD-2A72-02_Throughput,0
NNH-2A72-02,NNH-1A75-02_Throughput,0
NNH-2A72-02,NNH-2A72-01_Throughput,0
NNH-2A72-02,NTS-2A72-01_Throughput,0
NNH-2A72-02,NYL-2A71-01_Throughput,0
NNH-2A72-02,UHL-2A71-01_Throughput,0
NNH-2A72-02,UHL-2A72-02_Throughput,0
NNH-2A74-01,NNH-1A75-01_Throughput,0
NNH-2A74-01,NNH-2A74-02_Throughput,0
NNH-2A74-02,NNH-1A75-02_Throughput,0
NNH11G,internet_GnCreatedFail,0
NNH11G,internet_GxStartReqTransactionFail,0
NNH11G,internet_GyStartReqTransactionFail,0
NNH12G,internet_GnCreatedFail,0
NNH12G,internet_GxStartReqTransactionFail,0
NNH12G,internet_GyStartReqTransactionFail,0
NNL-2A72-01,NJB-2A72-01_Throughput,0
NNL-2A72-01,NJG-2A72-01_Throughput,0
NNL-2A72-01,NNL-2A72-02_Throughput,0
NNL-2A72-01,NNL-2A72-03_Throughput,0
NNL-2A72-01,NPC-1A75-01_Throughput,0
NNL-2A72-01,NTY-2A72-01_Throughput,0
NNL-2A72-01,TY09R_Throughput,0
NNL-2A72-01,TY10R_Throughput,0
NNL-2A72-01,TY11R_Throughput,0
NNL-2A72-01,TY12R_Throughput,0
NNL-2A72-01,TY13R_Throughput,0
NNL-2A72-01,TY14R_Throughput,0
NNL-2A72-01,TY15R_Throughput,0
NNL-2A72-01,TY16R_Throughput,0
NNL-2A72-01,TY17R_Throughput,0
NNL-2A72-01,TY18R_Throughput,0
NNL-2A72-01,TY19R_Throughput,0
NNL-2A72-01,TY20R_Throughput,0
NNL-2A72-01,TY21R_Throughput,0
NNL-2A72-02,NJB-2A72-02_Throughput,0
NNL-2A72-02,NJG-2A72-02_Throughput,0
NNL-2A72-02,NNL-2A72-01_Throughput,0
NNL-2A72-02,NNL-2A72-04_Throughput,0
NNL-2A72-02,NPC-1A75-02_Throughput,0
NNL-2A72-02,NTY-2A72-02_Throughput,0
NNL-2A72-02,TY09R_Throughput,0
NNL-2A72-02,TY10R_Throughput,0
NNL-2A72-02,TY11R_Throughput,0
NNL-2A72-02,TY12R_Throughput,0
NNL-2A72-02,TY13R_Throughput,0
NNL-2A72-02,TY14R_Throughput,0
NNL-2A72-02,TY15R_Throughput,0
NNL-2A72-02,TY16R_Throughput,0
NNL-2A72-02,TY17R_Throughput,0
NNL-2A72-02,TY18R_Throughput,0
NNL-2A72-02,TY19R_Throughput,0
NNL-2A72-02,TY20R_Throughput,0
NNL-2A72-02,TY21R_Throughput,0
NNL-2A72-03,H0208-2A72-01_Throughput,0
NNL-2A72-03,H1550-2A72-01_Throughput,0
NNL-2A72-03,H1999-2A72-01_Throughput,0
NNL-2A72-03,HPZ-2A72-01_Throughput,0
NNL-2A72-03,NHS-2A72-01_Throughput,0
NNL-2A72-03,NNL-2A72-01_Throughput,0
NNL-2A72-03,NNL-2A72-04_Throughput,0
NNL-2A72-03,NPC-1A75-01_Throughput,0
NNL-2A72-03,TY22R_Throughput,0
NNL-2A72-03,TY23R_Throughput,0
NNL-2A72-03,TY24R_Throughput,0
NNL-2A72-04,H0208-2A72-01_Throughput,0
NNL-2A72-04,H1550-2A72-01_Throughput,0
NNL-2A72-04,H1999-2A72-01_Throughput,0
NNL-2A72-04,HPZ-2A72-01_Throughput,0
NNL-2A72-04,NHS-2A72-02_Throughput,0
NNL-2A72-04,NNL-2A72-02_Throughput,0
NNL-2A72-04,NNL-2A72-03_Throughput,0
NNL-2A72-04,NPC-1A75-02_Throughput,0
NNL-2A72-04,TY22R_Throughput,0
NNL-2A72-04,TY23R_Throughput,0
NNL-2A72-04,TY24R_Throughput,0
NPC-1A75-01,CTP-1A75-02_Throughput,0
NPC-1A75-01,NNH-1A75-01_Throughput,0
NPC-1A75-01,NNL-2A72-01_Throughput,0
NPC-1A75-01,NNL-2A72-03_Throughput,0
NPC-1A75-01,NPC-1A75-02_Throughput,0
NPC-1A75-01,NPC-2A72-01_Throughput,0
NPC-1A75-01,NPC-2A72-03_Throughput,0
NPC-1A75-01,NPC-2A74-01_Throughput,0
NPC-1A75-01,NWK-2A72-01_Throughput,0
NPC-1A75-01,NWK-2A72-03_Throughput,0
NPC-1A75-02,NNH-1A75-02_Throughput,0
NPC-1A75-02,NNL-2A72-02_Throughput,0
NPC-1A75-02,NNL-2A72-04_Throughput,0
NPC-1A75-02,NPC-1A75-01_Throughput,0
NPC-1A75-02,NPC-2A72-02_Throughput,0
NPC-1A75-02,NPC-2A72-04_Throughput,0
NPC-1A75-02,NPC-2A74-02_Throughput,0
NPC-1A75-02,NWK-2A72-02_Throughput,0
NPC-1A75-02,NWK-2A72-04_Throughput,0
NPC-2A72-01,NPC-1A75-01_Throughput,0
NPC-2A72-01,NPC-2A72-02_Throughput,0
NPC-2A72-01,NST-2A72-01_Throughput,0
NPC-2A72-01,PC02R_Throughput,0
NPC-2A72-01,PC03R_Throughput,0
NPC-2A72-01,PC04R_Throughput,0
NPC-2A72-01,PC05R_Throughput,0
NPC-2A72-01,PC06R_Throughput,0
NPC-2A72-01,PC07R_Throughput,0
NPC-2A72-01,PC08R_Throughput,0
NPC-2A72-01,PC09R_Throughput,0
NPC-2A72-01,PC10R_Throughput,0
NPC-2A72-01,PC11R_Throughput,0
NPC-2A72-01,PC12R_Throughput,0
NPC-2A72-02,NBS-2A72-01_Throughput,0
NPC-2A72-02,NPC-1A75-02_Throughput,0
NPC-2A72-02,NPC-2A72-01_Throughput,0
NPC-2A72-02,PC02R_Throughput,0
NPC-2A72-02,PC03R_Throughput,0
NPC-2A72-02,PC04R_Throughput,0
NPC-2A72-02,PC05R_Throughput,0
NPC-2A72-02,PC06R_Throughput,0
NPC-2A72-02,PC07R_Throughput,0
NPC-2A72-02,PC08R_Throughput,0
NPC-2A72-02,PC09R_Throughput,0
NPC-2A72-02,PC10R_Throughput,0
NPC-2A72-02,PC11R_Throughput,0
NPC-2A72-02,PC12R_Throughput,0
NPC-2A72-03,NPC-1A75-01_Throughput,0
NPC-2A72-03,NPC-2A72-04_Throughput,0
NPC-2A72-03,PC13R_Throughput,0
NPC-2A72-03,PC14R_Throughput,0
NPC-2A72-04,NPC-1A75-02_Throughput,0
NPC-2A72-04,NPC-2A72-03_Throughput,0
NPC-2A72-04,PC13R_Throughput,0
NPC-2A72-04,PC14R_Throughput,0
NST-2A72-01,NPC-2A72-01_Throughput,0
NST-2A72-01,NST-2A72-02_Throughput,0
NST-2A72-02,NBS-2A72-01_Throughput,0
NST-2A72-02,NST-2A72-01_Throughput,0
NSY-1A72-01,NNH-1A75-01_Throughput,0
NSY-1A72-01,NSY-1A72-02_Throughput,0
NSY-1A72-01,NSY-2A72-01_Throughput,0
NSY-1A72-02,NNH-1A75-02_Throughput,0
NSY-1A72-02,NSY-1A72-01_Throughput,0
NSY-1A72-02,NSY-2A72-02_Throughput,0
NSY-2A72-01,AWH-2A72-01_Throughput,0
NSY-2A72-01,AWS-2A72-01_Throughput,0
NSY-2A72-01,NJS-2A72-01_Throughput,0
NSY-2A72-01,NSY-1A72-01_Throughput,0
NSY-2A72-01,NSY-2A72-02_Throughput,0
NSY-2A72-02,AWH-2A72-01_Throughput,0
NSY-2A72-02,AWS-2A72-01_Throughput,0
NSY-2A72-02,NJS-2A72-02_Throughput,0
NSY-2A72-02,NSY-1A72-02_Throughput,0
NSY-2A72-02,NSY-2A72-01_Throughput,0
NTS-2A72-01,NNH-2A72-01_Throughput,0
NTS-2A72-01,NNH-2A72-02_Throughput,0
NTY-2A72-01,H1131-2A72-01_Throughput,0
NTY-2A72-01,NNL-2A72-01_Throughput,0
NTY-2A72-01,NTY-2A72-02_Throughput,0
NTY-2A72-02,H1131-2A72-01_Throughput,0
NTY-2A72-02,NNL-2A72-02_Throughput,0
NTY-2A72-02,NTY-2A72-01_Throughput,0
NWK-2A72-01,NPC-1A75-01_Throughput,0
NWK-2A72-01,NWK-2A72-02_Throughput,0
NWK-2A72-01,NWK-2A72-03_Throughput,0
NWK-2A72-01,WK10R_Throughput,0
NWK-2A72-01,WK12R_Throughput,0
NWK-2A72-01,WK13R_Throughput,0
NWK-2A72-01,WK14R_Throughput,0
NWK-2A72-01,WK15R_Throughput,0
NWK-2A72-01,WK16R_Throughput,0
NWK-2A72-01,WK17R_Throughput,0
NWK-2A72-01,WK18R_Throughput,0
NWK-2A72-01,WK19R_Throughput,0
NWK-2A72-01,WK20R_Throughput,0
NWK-2A72-02,NPC-1A75-02_Throughput,0
NWK-2A72-02,NWK-2A72-01_Throughput,0
NWK-2A72-02,NWK-2A72-04_Throughput,0
NWK-2A72-02,WK10R_Throughput,0
NWK-2A72-02,WK12R_Throughput,0
NWK-2A72-02,WK13R_Throughput,0
NWK-2A72-02,WK14R_Throughput,0
NWK-2A72-02,WK15R_Throughput,0
NWK-2A72-02,WK16R_Throughput,0
NWK-2A72-02,WK17R_Throughput,0
NWK-2A72-02,WK18R_Throughput,0
NWK-2A72-02,WK19R_Throughput,0
NWK-2A72-02,WK20R_Throughput,0
NWK-2A72-03,NPC-1A75-01_Throughput,0
NWK-2A72-03,NWK-2A72-01_Throughput,0
NWK-2A72-03,NWK-2A72-04_Throughput,0
NWK-2A72-03,WK31R_Throughput,0
NWK-2A72-03,WK32R_Throughput,0
NWK-2A72-04,NPC-1A75-02_Throughput,0
NWK-2A72-04,NWK-2A72-02_Throughput,0
NWK-2A72-04,NWK-2A72-03_Throughput,0
NWK-2A72-04,WK31R_Throughput,0
NWK-2A72-04,WK32R_Throughput,0
NYL-2A71-01,GYL-2A72-02_Throughput,0
NYL-2A71-01,NNH-2A72-02_Throughput,0
P2P,router_nh220_cache_c6509_001_pc40_201_log,0
P2P,router_nh220_cache_c6509_002_pc40_201_log,0
PC01MC,CP_LOAD,0
PC01MC,RP68_RPLOAD,0
PC01MC,RP68_RPLOAD_BigChange,0
PC01MC,RP69_RPLOAD,0
PC01MC,RP69_RPLOAD_BigChange,0
PC01MC,RP72_RPLOAD,0
PC01MC,RP72_RPLOAD_BigChange,0
PC01MC,RP73_RPLOAD,0
PC01MC,RP73_RPLOAD_BigChange,0
PC01MC,RP76_RPLOAD,0
PC01MC,RP76_RPLOAD_BigChange,0
PC01MC,RP77_RPLOAD,0
PC01MC,RP77_RPLOAD_BigChange,0
PC01MC,RP80_RPLOAD,0
PC01MC,RP80_RPLOAD_BigChange,0
PC01MC,RP81_RPLOAD,0
PC01MC,RP81_RPLOAD_BigChange,0
PC01MC,SCCPMessagesCount_BigChange,0
PC01MC,SLI68_SCTPTM,0
PC01MC,SLI69_SCTPTM,0
PC01MC,SLI72_SCTPTM,0
PC01MC,SLI73_SCTPTM,0
PC01MC,SLI76_SCTPTM,0
PC01MC,SLI77_SCTPTM,0
PC01MC,SLI80_SCTPTM,0
PC01MC,SLI81_SCTPTM,0
PC01MC-PC01R,PC01MC-PC01R_CALL,0
PC01MC-PC01R,PC01MC-PC01R_LocationUpdate,0
PC01MC-PC01R,PC01MC-PC01R_Paging,0
PC01MC-PC01R,PC01MC-PC01R_SMS,0
PC01MC-PC02R,PC01MC-PC02R_CALL,0
PC01MC-PC02R,PC01MC-PC02R_LocationUpdate,0
PC01MC-PC02R,PC01MC-PC02R_Paging,0
PC01MC-PC02R,PC01MC-PC02R_SMS,0
PC01MC-PC03R,PC01MC-PC03R_CALL,0
PC01MC-PC03R,PC01MC-PC03R_LocationUpdate,0
PC01MC-PC03R,PC01MC-PC03R_Paging,0
PC01MC-PC03R,PC01MC-PC03R_SMS,0
PC01MC-PC04R,PC01MC-PC04R_CALL,0
PC01MC-PC04R,PC01MC-PC04R_LocationUpdate,0
PC01MC-PC04R,PC01MC-PC04R_Paging,0
PC01MC-PC04R,PC01MC-PC04R_SMS,0
PC01MC-PC05R,PC01MC-PC05R_CALL,0
PC01MC-PC05R,PC01MC-PC05R_LocationUpdate,0
PC01MC-PC05R,PC01MC-PC05R_Paging,0
PC01MC-PC05R,PC01MC-PC05R_SMS,0
PC01MC-PC06R,PC01MC-PC06R_CALL,0
PC01MC-PC06R,PC01MC-PC06R_LocationUpdate,0
PC01MC-PC06R,PC01MC-PC06R_Paging,0
PC01MC-PC06R,PC01MC-PC06R_SMS,0
PC01MC-PC07R,PC01MC-PC07R_CALL,0
PC01MC-PC07R,PC01MC-PC07R_LocationUpdate,0
PC01MC-PC07R,PC01MC-PC07R_Paging,0
PC01MC-PC07R,PC01MC-PC07R_SMS,0
PC01MC-PC08R,PC01MC-PC08R_CALL,0
PC01MC-PC08R,PC01MC-PC08R_LocationUpdate,0
PC01MC-PC08R,PC01MC-PC08R_Paging,0
PC01MC-PC08R,PC01MC-PC08R_SMS,0
PC01MC-PC09R,PC01MC-PC09R_CALL,0
PC01MC-PC09R,PC01MC-PC09R_LocationUpdate,0
PC01MC-PC09R,PC01MC-PC09R_Paging,0
PC01MC-PC09R,PC01MC-PC09R_SMS,0
PC01MC-PC10R,PC01MC-PC10R_CALL,0
PC01MC-PC10R,PC01MC-PC10R_LocationUpdate,0
PC01MC-PC10R,PC01MC-PC10R_Paging,0
PC01MC-PC10R,PC01MC-PC10R_SMS,0
PC01MC-PC11R,PC01MC-PC11R_CALL,0
PC01MC-PC11R,PC01MC-PC11R_LocationUpdate,0
PC01MC-PC11R,PC01MC-PC11R_Paging,0
PC01MC-PC11R,PC01MC-PC11R_SMS,0
PC01MC-PC12R,PC01MC-PC12R_CALL,0
PC01MC-PC12R,PC01MC-PC12R_LocationUpdate,0
PC01MC-PC12R,PC01MC-PC12R_Paging,0
PC01MC-PC12R,PC01MC-PC12R_SMS,0
PC01MC-PC13R,PC01MC-PC13R_CALL,0
PC01MC-PC13R,PC01MC-PC13R_LocationUpdate,0
PC01MC-PC13R,PC01MC-PC13R_Paging,0
PC01MC-PC13R,PC01MC-PC13R_SMS,0
PC01MC-PC14R,PC01MC-PC14R_CALL,0
PC01MC-PC14R,PC01MC-PC14R_LocationUpdate,0
PC01MC-PC14R,PC01MC-PC14R_Paging,0
PC01MC-PC14R,PC01MC-PC14R_SMS,0
PC01MC-TM01R,PC01MC-TM01R_CALL,0
PC01MC-TM01R,PC01MC-TM01R_LocationUpdate,0
PC01MC-TM01R,PC01MC-TM01R_Paging,0
PC01MC-TM01R,PC01MC-TM01R_SMS,0
PC01MC-TM02R,PC01MC-TM02R_CALL,0
PC01MC-TM02R,PC01MC-TM02R_LocationUpdate,0
PC01MC-TM02R,PC01MC-TM02R_Paging,0
PC01MC-TM02R,PC01MC-TM02R_SMS,0
PC01MC-TM03R,PC01MC-TM03R_CALL,0
PC01MC-TM03R,PC01MC-TM03R_LocationUpdate,0
PC01MC-TM03R,PC01MC-TM03R_Paging,0
PC01MC-TM03R,PC01MC-TM03R_SMS,0
PC01MC-TM04R,PC01MC-TM04R_CALL,0
PC01MC-TM04R,PC01MC-TM04R_LocationUpdate,0
PC01MC-TM04R,PC01MC-TM04R_Paging,0
PC01MC-TM04R,PC01MC-TM04R_SMS,0
PC01MC-TM05R,PC01MC-TM05R_CALL,0
PC01MC-TM05R,PC01MC-TM05R_LocationUpdate,0
PC01MC-TM05R,PC01MC-TM05R_Paging,0
PC01MC-TM05R,PC01MC-TM05R_SMS,0
PC01MC-TY09R,PC01MC-TY09R_CALL,0
PC01MC-TY09R,PC01MC-TY09R_LocationUpdate,0
PC01MC-TY09R,PC01MC-TY09R_Paging,0
PC01MC-TY09R,PC01MC-TY09R_SMS,0
PC01MC-TY10R,PC01MC-TY10R_CALL,0
PC01MC-TY10R,PC01MC-TY10R_LocationUpdate,0
PC01MC-TY10R,PC01MC-TY10R_Paging,0
PC01MC-TY10R,PC01MC-TY10R_SMS,0
PC01MC-TY11R,PC01MC-TY11R_CALL,0
PC01MC-TY11R,PC01MC-TY11R_LocationUpdate,0
PC01MC-TY11R,PC01MC-TY11R_Paging,0
PC01MC-TY11R,PC01MC-TY11R_SMS,0
PC01MC-TY12R,PC01MC-TY12R_CALL,0
PC01MC-TY12R,PC01MC-TY12R_LocationUpdate,0
PC01MC-TY12R,PC01MC-TY12R_Paging,0
PC01MC-TY12R,PC01MC-TY12R_SMS,0
PC01MC-TY13R,PC01MC-TY13R_CALL,0
PC01MC-TY13R,PC01MC-TY13R_LocationUpdate,0
PC01MC-TY13R,PC01MC-TY13R_Paging,0
PC01MC-TY13R,PC01MC-TY13R_SMS,0
PC01MC-TY14R,PC01MC-TY14R_CALL,0
PC01MC-TY14R,PC01MC-TY14R_LocationUpdate,0
PC01MC-TY14R,PC01MC-TY14R_Paging,0
PC01MC-TY14R,PC01MC-TY14R_SMS,0
PC01MC-TY15R,PC01MC-TY15R_CALL,0
PC01MC-TY15R,PC01MC-TY15R_LocationUpdate,0
PC01MC-TY15R,PC01MC-TY15R_Paging,0
PC01MC-TY15R,PC01MC-TY15R_SMS,0
PC01MC-TY16R,PC01MC-TY16R_CALL,0
PC01MC-TY16R,PC01MC-TY16R_LocationUpdate,0
PC01MC-TY16R,PC01MC-TY16R_Paging,0
PC01MC-TY16R,PC01MC-TY16R_SMS,0
PC01MC-TY17R,PC01MC-TY17R_CALL,0
PC01MC-TY17R,PC01MC-TY17R_LocationUpdate,0
PC01MC-TY17R,PC01MC-TY17R_Paging,0
PC01MC-TY17R,PC01MC-TY17R_SMS,0
PC01MC-TY18R,PC01MC-TY18R_CALL,0
PC01MC-TY18R,PC01MC-TY18R_LocationUpdate,0
PC01MC-TY18R,PC01MC-TY18R_Paging,0
PC01MC-TY18R,PC01MC-TY18R_SMS,0
PC01MC-TY19R,PC01MC-TY19R_CALL,0
PC01MC-TY19R,PC01MC-TY19R_LocationUpdate,0
PC01MC-TY19R,PC01MC-TY19R_Paging,0
PC01MC-TY19R,PC01MC-TY19R_SMS,0
PC01MC-TY20R,PC01MC-TY20R_CALL,0
PC01MC-TY20R,PC01MC-TY20R_LocationUpdate,0
PC01MC-TY20R,PC01MC-TY20R_Paging,0
PC01MC-TY20R,PC01MC-TY20R_SMS,0
PC01MC-TY21R,PC01MC-TY21R_CALL,0
PC01MC-TY21R,PC01MC-TY21R_LocationUpdate,0
PC01MC-TY21R,PC01MC-TY21R_Paging,0
PC01MC-TY21R,PC01MC-TY21R_SMS,0
PC01MC-TY22R,PC01MC-TY22R_CALL,0
PC01MC-TY22R,PC01MC-TY22R_LocationUpdate,0
PC01MC-TY22R,PC01MC-TY22R_Paging,0
PC01MC-TY22R,PC01MC-TY22R_SMS,0
PC01MC-TY23R,PC01MC-TY23R_CALL,0
PC01MC-TY23R,PC01MC-TY23R_LocationUpdate,0
PC01MC-TY23R,PC01MC-TY23R_Paging,0
PC01MC-TY23R,PC01MC-TY23R_SMS,0
PC01MC-TY24R,PC01MC-TY24R_CALL,0
PC01MC-TY24R,PC01MC-TY24R_LocationUpdate,0
PC01MC-TY24R,PC01MC-TY24R_Paging,0
PC01MC-TY24R,PC01MC-TY24R_SMS,0
PC01MC-WK10R,PC01MC-WK10R_CALL,0
PC01MC-WK10R,PC01MC-WK10R_LocationUpdate,0
PC01MC-WK10R,PC01MC-WK10R_Paging,0
PC01MC-WK10R,PC01MC-WK10R_SMS,0
PC01MC-WK12R,PC01MC-WK12R_CALL,0
PC01MC-WK12R,PC01MC-WK12R_LocationUpdate,0
PC01MC-WK12R,PC01MC-WK12R_Paging,0
PC01MC-WK12R,PC01MC-WK12R_SMS,0
PC01MC-WK13R,PC01MC-WK13R_CALL,0
PC01MC-WK13R,PC01MC-WK13R_LocationUpdate,0
PC01MC-WK13R,PC01MC-WK13R_Paging,0
PC01MC-WK13R,PC01MC-WK13R_SMS,0
PC01MC-WK14R,PC01MC-WK14R_CALL,0
PC01MC-WK14R,PC01MC-WK14R_LocationUpdate,0
PC01MC-WK14R,PC01MC-WK14R_Paging,0
PC01MC-WK14R,PC01MC-WK14R_SMS,0
PC01MC-WK15R,PC01MC-WK15R_CALL,0
PC01MC-WK15R,PC01MC-WK15R_LocationUpdate,0
PC01MC-WK15R,PC01MC-WK15R_Paging,0
PC01MC-WK15R,PC01MC-WK15R_SMS,0
PC01MC-WK16R,PC01MC-WK16R_CALL,0
PC01MC-WK16R,PC01MC-WK16R_LocationUpdate,0
PC01MC-WK16R,PC01MC-WK16R_Paging,0
PC01MC-WK16R,PC01MC-WK16R_SMS,0
PC01MC-WK17R,PC01MC-WK17R_CALL,0
PC01MC-WK17R,PC01MC-WK17R_LocationUpdate,0
PC01MC-WK17R,PC01MC-WK17R_Paging,0
PC01MC-WK17R,PC01MC-WK17R_SMS,0
PC01MC-WK18R,PC01MC-WK18R_CALL,0
PC01MC-WK18R,PC01MC-WK18R_LocationUpdate,0
PC01MC-WK18R,PC01MC-WK18R_Paging,0
PC01MC-WK18R,PC01MC-WK18R_SMS,0
PC01MC-WK19R,PC01MC-WK19R_CALL,0
PC01MC-WK19R,PC01MC-WK19R_LocationUpdate,0
PC01MC-WK19R,PC01MC-WK19R_Paging,0
PC01MC-WK19R,PC01MC-WK19R_SMS,0
PC01MC-WK20R,PC01MC-WK20R_CALL,0
PC01MC-WK20R,PC01MC-WK20R_LocationUpdate,0
PC01MC-WK20R,PC01MC-WK20R_Paging,0
PC01MC-WK20R,PC01MC-WK20R_SMS,0
PC01MC-WK31R,PC01MC-WK31R_CALL,0
PC01MC-WK31R,PC01MC-WK31R_LocationUpdate,0
PC01MC-WK31R,PC01MC-WK31R_Paging,0
PC01MC-WK31R,PC01MC-WK31R_SMS,0
PC01MC-WK32R,PC01MC-WK32R_CALL,0
PC01MC-WK32R,PC01MC-WK32R_LocationUpdate,0
PC01MC-WK32R,PC01MC-WK32R_Paging,0
PC01MC-WK32R,PC01MC-WK32R_SMS,0
PC01MG,PC3B_MTP3BUtil,0
PC01MG,TP4B_MTP3BUtil,0
PC01MG,TP6B_MTP3BUtil,0
PC01MG,TP8B_MTP3BUtil,0
PC01MG,TP9B_MTP3BUtil,0
PC01R,PC01R_RAB_Attempt,0
PC01R,PC01R_RRC_Attempt,0
PC02MC,CP_LOAD,0
PC02MC,RP12_RPLOAD,0
PC02MC,RP12_RPLOAD_BigChange,0
PC02MC,RP13_RPLOAD,0
PC02MC,RP13_RPLOAD_BigChange,0
PC02MC,RP16_RPLOAD,0
PC02MC,RP16_RPLOAD_BigChange,0
PC02MC,RP17_RPLOAD,0
PC02MC,RP17_RPLOAD_BigChange,0
PC02MC,RP20_RPLOAD,0
PC02MC,RP20_RPLOAD_BigChange,0
PC02MC,RP21_RPLOAD,0
PC02MC,RP21_RPLOAD_BigChange,0
PC02MC,RP8_RPLOAD,0
PC02MC,RP8_RPLOAD_BigChange,0
PC02MC,RP9_RPLOAD,0
PC02MC,RP9_RPLOAD_BigChange,0
PC02MC,SCCPMessagesCount_BigChange,0
PC02MC,SLI12_SCTPTM,0
PC02MC,SLI13_SCTPTM,0
PC02MC,SLI16_SCTPTM,0
PC02MC,SLI17_SCTPTM,0
PC02MC,SLI20_SCTPTM,0
PC02MC,SLI21_SCTPTM,0
PC02MC,SLI8_SCTPTM,0
PC02MC,SLI9_SCTPTM,0
PC02MG,PC3B_MTP3BUtil,0
PC02MG,TP4B_MTP3BUtil,0
PC02MG,TP6B_MTP3BUtil,0
PC02MG,TP8B_MTP3BUtil,0
PC02MG,TP9B_MTP3BUtil,0
PC02R,PC02R_RAB_Attempt,0
PC02R,PC02R_RRC_Attempt,0
PC03R,PC03R_RAB_Attempt,0
PC03R,PC03R_RRC_Attempt,0
PC04R,PC04R_RAB_Attempt,0
PC04R,PC04R_RRC_Attempt,0
PC05R,PC05R_RAB_Attempt,0
PC05R,PC05R_RRC_Attempt,0
PC06R,PC06R_RAB_Attempt,0
PC06R,PC06R_RRC_Attempt,0
PC07R,PC07R_RAB_Attempt,0
PC07R,PC07R_RRC_Attempt,0
PC08R,PC08R_RAB_Attempt,0
PC08R,PC08R_RRC_Attempt,0
PC09R,PC09R_RAB_Attempt,0
PC09R,PC09R_RRC_Attempt,0
PC10R,PC10R_RAB_Attempt,0
PC10R,PC10R_RRC_Attempt,0
PC11R,PC11R_RAB_Attempt,0
PC11R,PC11R_RRC_Attempt,0
PC12R,PC12R_RAB_Attempt,0
PC12R,PC12R_RRC_Attempt,0
PC13R,PC13R_RAB_Attempt,0
PC13R,PC13R_RRC_Attempt,0
PC14R,PC14R_RAB_Attempt,0
PC14R,PC14R_RRC_Attempt,0
PC334_PE_MX960_001,TP11G_Throughput,0
PC334_PE_MX960_001,TP12G_Throughput,0
PC334_PE_MX960_002,TP11G_Throughput,0
PC334_PE_MX960_002,TP12G_Throughput,0
PC52S-KS21R,PC52S-KS21R_PDP,0
PC52S-KS21R,PC52S-KS21R_Paging,0
PC52S-KS21R,PC52S-KS21R_RAB,0
PC52S-KS21R,PC52S-KS21R_RAUpdate,0
PC52S-KS22R,PC52S-KS22R_PDP,0
PC52S-KS22R,PC52S-KS22R_Paging,0
PC52S-KS22R,PC52S-KS22R_RAB,0
PC52S-KS22R,PC52S-KS22R_RAUpdate,0
PC52S-KS23R,PC52S-KS23R_PDP,0
PC52S-KS23R,PC52S-KS23R_Paging,0
PC52S-KS23R,PC52S-KS23R_RAB,0
PC52S-KS23R,PC52S-KS23R_RAUpdate,0
PC52S-KS24R,PC52S-KS24R_PDP,0
PC52S-KS24R,PC52S-KS24R_Paging,0
PC52S-KS24R,PC52S-KS24R_RAB,0
PC52S-KS24R,PC52S-KS24R_RAUpdate,0
PC52S-KS25R,PC52S-KS25R_PDP,0
PC52S-KS25R,PC52S-KS25R_Paging,0
PC52S-KS25R,PC52S-KS25R_RAB,0
PC52S-KS25R,PC52S-KS25R_RAUpdate,0
PC52S-KS26R,PC52S-KS26R_PDP,0
PC52S-KS26R,PC52S-KS26R_Paging,0
PC52S-KS26R,PC52S-KS26R_RAB,0
PC52S-KS26R,PC52S-KS26R_RAUpdate,0
PC52S-KS27R,PC52S-KS27R_PDP,0
PC52S-KS27R,PC52S-KS27R_Paging,0
PC52S-KS27R,PC52S-KS27R_RAB,0
PC52S-KS27R,PC52S-KS27R_RAUpdate,0
PC52S-KS28R,PC52S-KS28R_PDP,0
PC52S-KS28R,PC52S-KS28R_Paging,0
PC52S-KS28R,PC52S-KS28R_RAB,0
PC52S-KS28R,PC52S-KS28R_RAUpdate,0
PC52S-KS29R,PC52S-KS29R_PDP,0
PC52S-KS29R,PC52S-KS29R_Paging,0
PC52S-KS29R,PC52S-KS29R_RAB,0
PC52S-KS29R,PC52S-KS29R_RAUpdate,0
PC52S-KS30R,PC52S-KS30R_PDP,0
PC52S-KS30R,PC52S-KS30R_Paging,0
PC52S-KS30R,PC52S-KS30R_RAB,0
PC52S-KS30R,PC52S-KS30R_RAUpdate,0
PC52S-KS31R,PC52S-KS31R_PDP,0
PC52S-KS31R,PC52S-KS31R_Paging,0
PC52S-KS31R,PC52S-KS31R_RAB,0
PC52S-KS31R,PC52S-KS31R_RAUpdate,0
PC52S-KS32R,PC52S-KS32R_PDP,0
PC52S-KS32R,PC52S-KS32R_Paging,0
PC52S-KS32R,PC52S-KS32R_RAB,0
PC52S-KS32R,PC52S-KS32R_RAUpdate,0
PC52S-KS33R,PC52S-KS33R_PDP,0
PC52S-KS33R,PC52S-KS33R_Paging,0
PC52S-KS33R,PC52S-KS33R_RAB,0
PC52S-KS33R,PC52S-KS33R_RAUpdate,0
PC52S-KS34R,PC52S-KS34R_PDP,0
PC52S-KS34R,PC52S-KS34R_Paging,0
PC52S-KS34R,PC52S-KS34R_RAB,0
PC52S-KS34R,PC52S-KS34R_RAUpdate,0
PC52S-KS35R,PC52S-KS35R_PDP,0
PC52S-KS35R,PC52S-KS35R_Paging,0
PC52S-KS35R,PC52S-KS35R_RAB,0
PC52S-KS35R,PC52S-KS35R_RAUpdate,0
PC52S-KS36R,PC52S-KS36R_PDP,0
PC52S-KS36R,PC52S-KS36R_Paging,0
PC52S-KS36R,PC52S-KS36R_RAB,0
PC52S-KS36R,PC52S-KS36R_RAUpdate,0
PC52S-PC01R,PC52S-PC01R_PDP,0
PC52S-PC01R,PC52S-PC01R_Paging,0
PC52S-PC01R,PC52S-PC01R_RAB,0
PC52S-PC01R,PC52S-PC01R_RAUpdate,0
PC52S-PC02R,PC52S-PC02R_PDP,0
PC52S-PC02R,PC52S-PC02R_Paging,0
PC52S-PC02R,PC52S-PC02R_RAB,0
PC52S-PC02R,PC52S-PC02R_RAUpdate,0
PC52S-PC03R,PC52S-PC03R_PDP,0
PC52S-PC03R,PC52S-PC03R_Paging,0
PC52S-PC03R,PC52S-PC03R_RAB,0
PC52S-PC03R,PC52S-PC03R_RAUpdate,0
PC52S-PC04R,PC52S-PC04R_PDP,0
PC52S-PC04R,PC52S-PC04R_Paging,0
PC52S-PC04R,PC52S-PC04R_RAB,0
PC52S-PC04R,PC52S-PC04R_RAUpdate,0
PC52S-PC05R,PC52S-PC05R_PDP,0
PC52S-PC05R,PC52S-PC05R_Paging,0
PC52S-PC05R,PC52S-PC05R_RAB,0
PC52S-PC05R,PC52S-PC05R_RAUpdate,0
PC52S-PC06R,PC52S-PC06R_PDP,0
PC52S-PC06R,PC52S-PC06R_Paging,0
PC52S-PC06R,PC52S-PC06R_RAB,0
PC52S-PC06R,PC52S-PC06R_RAUpdate,0
PC52S-PC07R,PC52S-PC07R_PDP,0
PC52S-PC07R,PC52S-PC07R_Paging,0
PC52S-PC07R,PC52S-PC07R_RAB,0
PC52S-PC07R,PC52S-PC07R_RAUpdate,0
PC52S-PC08R,PC52S-PC08R_PDP,0
PC52S-PC08R,PC52S-PC08R_Paging,0
PC52S-PC08R,PC52S-PC08R_RAB,0
PC52S-PC08R,PC52S-PC08R_RAUpdate,0
PC52S-PC09R,PC52S-PC09R_PDP,0
PC52S-PC09R,PC52S-PC09R_Paging,0
PC52S-PC09R,PC52S-PC09R_RAB,0
PC52S-PC09R,PC52S-PC09R_RAUpdate,0
PC52S-PC10R,PC52S-PC10R_PDP,0
PC52S-PC10R,PC52S-PC10R_Paging,0
PC52S-PC10R,PC52S-PC10R_RAB,0
PC52S-PC10R,PC52S-PC10R_RAUpdate,0
PC52S-PC11R,PC52S-PC11R_PDP,0
PC52S-PC11R,PC52S-PC11R_Paging,0
PC52S-PC11R,PC52S-PC11R_RAB,0
PC52S-PC11R,PC52S-PC11R_RAUpdate,0
PC52S-PC12R,PC52S-PC12R_PDP,0
PC52S-PC12R,PC52S-PC12R_Paging,0
PC52S-PC12R,PC52S-PC12R_RAB,0
PC52S-PC12R,PC52S-PC12R_RAUpdate,0
PC52S-PC13R,PC52S-PC13R_PDP,0
PC52S-PC13R,PC52S-PC13R_Paging,0
PC52S-PC13R,PC52S-PC13R_RAB,0
PC52S-PC13R,PC52S-PC13R_RAUpdate,0
PC52S-PC14R,PC52S-PC14R_PDP,0
PC52S-PC14R,PC52S-PC14R_Paging,0
PC52S-PC14R,PC52S-PC14R_RAB,0
PC52S-PC14R,PC52S-PC14R_RAUpdate,0
PC52S-TC01R,PC52S-TC01R_PDP,0
PC52S-TC01R,PC52S-TC01R_Paging,0
PC52S-TC01R,PC52S-TC01R_RAB,0
PC52S-TC01R,PC52S-TC01R_RAUpdate,0
PC52S-TC02R,PC52S-TC02R_PDP,0
PC52S-TC02R,PC52S-TC02R_Paging,0
PC52S-TC02R,PC52S-TC02R_RAB,0
PC52S-TC02R,PC52S-TC02R_RAUpdate,0
PC52S-TC03R,PC52S-TC03R_PDP,0
PC52S-TC03R,PC52S-TC03R_Paging,0
PC52S-TC03R,PC52S-TC03R_RAB,0
PC52S-TC03R,PC52S-TC03R_RAUpdate,0
PC52S-TC04R,PC52S-TC04R_PDP,0
PC52S-TC04R,PC52S-TC04R_Paging,0
PC52S-TC04R,PC52S-TC04R_RAB,0
PC52S-TC04R,PC52S-TC04R_RAUpdate,0
PC52S-TC05R,PC52S-TC05R_PDP,0
PC52S-TC05R,PC52S-TC05R_Paging,0
PC52S-TC05R,PC52S-TC05R_RAB,0
PC52S-TC05R,PC52S-TC05R_RAUpdate,0
PC52S-TD01R,PC52S-TD01R_PDP,0
PC52S-TD01R,PC52S-TD01R_Paging,0
PC52S-TD01R,PC52S-TD01R_RAB,0
PC52S-TD01R,PC52S-TD01R_RAUpdate,0
PC52S-TD02R,PC52S-TD02R_PDP,0
PC52S-TD02R,PC52S-TD02R_Paging,0
PC52S-TD02R,PC52S-TD02R_RAB,0
PC52S-TD02R,PC52S-TD02R_RAUpdate,0
PC52S-TD04R,PC52S-TD04R_PDP,0
PC52S-TD04R,PC52S-TD04R_Paging,0
PC52S-TD04R,PC52S-TD04R_RAB,0
PC52S-TD04R,PC52S-TD04R_RAUpdate,0
PC52S-TD07R,PC52S-TD07R_PDP,0
PC52S-TD07R,PC52S-TD07R_Paging,0
PC52S-TD07R,PC52S-TD07R_RAB,0
PC52S-TD07R,PC52S-TD07R_RAUpdate,0
PC52S-TD08R,PC52S-TD08R_PDP,0
PC52S-TD08R,PC52S-TD08R_Paging,0
PC52S-TD08R,PC52S-TD08R_RAB,0
PC52S-TD08R,PC52S-TD08R_RAUpdate,0
PC52S-TD09R,PC52S-TD09R_PDP,0
PC52S-TD09R,PC52S-TD09R_Paging,0
PC52S-TD09R,PC52S-TD09R_RAB,0
PC52S-TD09R,PC52S-TD09R_RAUpdate,0
PC52S-TD10R,PC52S-TD10R_PDP,0
PC52S-TD10R,PC52S-TD10R_Paging,0
PC52S-TD10R,PC52S-TD10R_RAB,0
PC52S-TD10R,PC52S-TD10R_RAUpdate,0
PC52S-TD11R,PC52S-TD11R_PDP,0
PC52S-TD11R,PC52S-TD11R_Paging,0
PC52S-TD11R,PC52S-TD11R_RAB,0
PC52S-TD11R,PC52S-TD11R_RAUpdate,0
PC52S-TD12R,PC52S-TD12R_PDP,0
PC52S-TD12R,PC52S-TD12R_Paging,0
PC52S-TD12R,PC52S-TD12R_RAB,0
PC52S-TD12R,PC52S-TD12R_RAUpdate,0
PC52S-TD13R,PC52S-TD13R_PDP,0
PC52S-TD13R,PC52S-TD13R_Paging,0
PC52S-TD13R,PC52S-TD13R_RAB,0
PC52S-TD13R,PC52S-TD13R_RAUpdate,0
PC52S-TD14R,PC52S-TD14R_PDP,0
PC52S-TD14R,PC52S-TD14R_Paging,0
PC52S-TD14R,PC52S-TD14R_RAB,0
PC52S-TD14R,PC52S-TD14R_RAUpdate,0
PC52S-TD15R,PC52S-TD15R_PDP,0
PC52S-TD15R,PC52S-TD15R_Paging,0
PC52S-TD15R,PC52S-TD15R_RAB,0
PC52S-TD15R,PC52S-TD15R_RAUpdate,0
PC52S-TM01R,PC52S-TM01R_PDP,0
PC52S-TM01R,PC52S-TM01R_Paging,0
PC52S-TM01R,PC52S-TM01R_RAB,0
PC52S-TM01R,PC52S-TM01R_RAUpdate,0
PC52S-TM02R,PC52S-TM02R_PDP,0
PC52S-TM02R,PC52S-TM02R_Paging,0
PC52S-TM02R,PC52S-TM02R_RAB,0
PC52S-TM02R,PC52S-TM02R_RAUpdate,0
PC52S-TM03R,PC52S-TM03R_PDP,0
PC52S-TM03R,PC52S-TM03R_Paging,0
PC52S-TM03R,PC52S-TM03R_RAB,0
PC52S-TM03R,PC52S-TM03R_RAUpdate,0
PC52S-TM04R,PC52S-TM04R_PDP,0
PC52S-TM04R,PC52S-TM04R_Paging,0
PC52S-TM04R,PC52S-TM04R_RAB,0
PC52S-TM04R,PC52S-TM04R_RAUpdate,0
PC52S-TM05R,PC52S-TM05R_PDP,0
PC52S-TM05R,PC52S-TM05R_Paging,0
PC52S-TM05R,PC52S-TM05R_RAB,0
PC52S-TM05R,PC52S-TM05R_RAUpdate,0
PC52S-TN21R,PC52S-TN21R_PDP,0
PC52S-TN21R,PC52S-TN21R_Paging,0
PC52S-TN21R,PC52S-TN21R_RAB,0
PC52S-TN21R,PC52S-TN21R_RAUpdate,0
PC52S-TN22R,PC52S-TN22R_PDP,0
PC52S-TN22R,PC52S-TN22R_Paging,0
PC52S-TN22R,PC52S-TN22R_RAB,0
PC52S-TN22R,PC52S-TN22R_RAUpdate,0
PC52S-TN23R,PC52S-TN23R_PDP,0
PC52S-TN23R,PC52S-TN23R_Paging,0
PC52S-TN23R,PC52S-TN23R_RAB,0
PC52S-TN23R,PC52S-TN23R_RAUpdate,0
PC52S-TN24R,PC52S-TN24R_PDP,0
PC52S-TN24R,PC52S-TN24R_Paging,0
PC52S-TN24R,PC52S-TN24R_RAB,0
PC52S-TN24R,PC52S-TN24R_RAUpdate,0
PC52S-TN25R,PC52S-TN25R_PDP,0
PC52S-TN25R,PC52S-TN25R_Paging,0
PC52S-TN25R,PC52S-TN25R_RAB,0
PC52S-TN25R,PC52S-TN25R_RAUpdate,0
PC52S-TN26R,PC52S-TN26R_PDP,0
PC52S-TN26R,PC52S-TN26R_Paging,0
PC52S-TN26R,PC52S-TN26R_RAB,0
PC52S-TN26R,PC52S-TN26R_RAUpdate,0
PC52S-TN27R,PC52S-TN27R_PDP,0
PC52S-TN27R,PC52S-TN27R_Paging,0
PC52S-TN27R,PC52S-TN27R_RAB,0
PC52S-TN27R,PC52S-TN27R_RAUpdate,0
PC52S-TN28R,PC52S-TN28R_PDP,0
PC52S-TN28R,PC52S-TN28R_Paging,0
PC52S-TN28R,PC52S-TN28R_RAB,0
PC52S-TN28R,PC52S-TN28R_RAUpdate,0
PC52S-TN29R,PC52S-TN29R_PDP,0
PC52S-TN29R,PC52S-TN29R_Paging,0
PC52S-TN29R,PC52S-TN29R_RAB,0
PC52S-TN29R,PC52S-TN29R_RAUpdate,0
PC52S-TY09R,PC52S-TY09R_PDP,0
PC52S-TY09R,PC52S-TY09R_Paging,0
PC52S-TY09R,PC52S-TY09R_RAB,0
PC52S-TY09R,PC52S-TY09R_RAUpdate,0
PC52S-TY10R,PC52S-TY10R_PDP,0
PC52S-TY10R,PC52S-TY10R_Paging,0
PC52S-TY10R,PC52S-TY10R_RAB,0
PC52S-TY10R,PC52S-TY10R_RAUpdate,0
PC52S-TY11R,PC52S-TY11R_PDP,0
PC52S-TY11R,PC52S-TY11R_Paging,0
PC52S-TY11R,PC52S-TY11R_RAB,0
PC52S-TY11R,PC52S-TY11R_RAUpdate,0
PC52S-TY12R,PC52S-TY12R_PDP,0
PC52S-TY12R,PC52S-TY12R_Paging,0
PC52S-TY12R,PC52S-TY12R_RAB,0
PC52S-TY12R,PC52S-TY12R_RAUpdate,0
PC52S-TY13R,PC52S-TY13R_PDP,0
PC52S-TY13R,PC52S-TY13R_Paging,0
PC52S-TY13R,PC52S-TY13R_RAB,0
PC52S-TY13R,PC52S-TY13R_RAUpdate,0
PC52S-TY14R,PC52S-TY14R_PDP,0
PC52S-TY14R,PC52S-TY14R_Paging,0
PC52S-TY14R,PC52S-TY14R_RAB,0
PC52S-TY14R,PC52S-TY14R_RAUpdate,0
PC52S-TY15R,PC52S-TY15R_PDP,0
PC52S-TY15R,PC52S-TY15R_Paging,0
PC52S-TY15R,PC52S-TY15R_RAB,0
PC52S-TY15R,PC52S-TY15R_RAUpdate,0
PC52S-TY16R,PC52S-TY16R_PDP,0
PC52S-TY16R,PC52S-TY16R_Paging,0
PC52S-TY16R,PC52S-TY16R_RAB,0
PC52S-TY16R,PC52S-TY16R_RAUpdate,0
PC52S-TY17R,PC52S-TY17R_PDP,0
PC52S-TY17R,PC52S-TY17R_Paging,0
PC52S-TY17R,PC52S-TY17R_RAB,0
PC52S-TY17R,PC52S-TY17R_RAUpdate,0
PC52S-TY18R,PC52S-TY18R_PDP,0
PC52S-TY18R,PC52S-TY18R_Paging,0
PC52S-TY18R,PC52S-TY18R_RAB,0
PC52S-TY18R,PC52S-TY18R_RAUpdate,0
PC52S-TY19R,PC52S-TY19R_PDP,0
PC52S-TY19R,PC52S-TY19R_Paging,0
PC52S-TY19R,PC52S-TY19R_RAB,0
PC52S-TY19R,PC52S-TY19R_RAUpdate,0
PC52S-TY20R,PC52S-TY20R_PDP,0
PC52S-TY20R,PC52S-TY20R_Paging,0
PC52S-TY20R,PC52S-TY20R_RAB,0
PC52S-TY20R,PC52S-TY20R_RAUpdate,0
PC52S-TY21R,PC52S-TY21R_PDP,0
PC52S-TY21R,PC52S-TY21R_Paging,0
PC52S-TY21R,PC52S-TY21R_RAB,0
PC52S-TY21R,PC52S-TY21R_RAUpdate,0
PC52S-TY22R,PC52S-TY22R_PDP,0
PC52S-TY22R,PC52S-TY22R_Paging,0
PC52S-TY22R,PC52S-TY22R_RAB,0
PC52S-TY22R,PC52S-TY22R_RAUpdate,0
PC52S-TY23R,PC52S-TY23R_PDP,0
PC52S-TY23R,PC52S-TY23R_Paging,0
PC52S-TY23R,PC52S-TY23R_RAB,0
PC52S-TY23R,PC52S-TY23R_RAUpdate,0
PC52S-TY24R,PC52S-TY24R_PDP,0
PC52S-TY24R,PC52S-TY24R_Paging,0
PC52S-TY24R,PC52S-TY24R_RAB,0
PC52S-TY24R,PC52S-TY24R_RAUpdate,0
PC52S-WK10R,PC52S-WK10R_PDP,0
PC52S-WK10R,PC52S-WK10R_Paging,0
PC52S-WK10R,PC52S-WK10R_RAB,0
PC52S-WK10R,PC52S-WK10R_RAUpdate,0
PC52S-WK12R,PC52S-WK12R_PDP,0
PC52S-WK12R,PC52S-WK12R_Paging,0
PC52S-WK12R,PC52S-WK12R_RAB,0
PC52S-WK12R,PC52S-WK12R_RAUpdate,0
PC52S-WK13R,PC52S-WK13R_PDP,0
PC52S-WK13R,PC52S-WK13R_Paging,0
PC52S-WK13R,PC52S-WK13R_RAB,0
PC52S-WK13R,PC52S-WK13R_RAUpdate,0
PC52S-WK14R,PC52S-WK14R_PDP,0
PC52S-WK14R,PC52S-WK14R_Paging,0
PC52S-WK14R,PC52S-WK14R_RAB,0
PC52S-WK14R,PC52S-WK14R_RAUpdate,0
PC52S-WK15R,PC52S-WK15R_PDP,0
PC52S-WK15R,PC52S-WK15R_Paging,0
PC52S-WK15R,PC52S-WK15R_RAB,0
PC52S-WK15R,PC52S-WK15R_RAUpdate,0
PC52S-WK16R,PC52S-WK16R_PDP,0
PC52S-WK16R,PC52S-WK16R_Paging,0
PC52S-WK16R,PC52S-WK16R_RAB,0
PC52S-WK16R,PC52S-WK16R_RAUpdate,0
PC52S-WK17R,PC52S-WK17R_PDP,0
PC52S-WK17R,PC52S-WK17R_Paging,0
PC52S-WK17R,PC52S-WK17R_RAB,0
PC52S-WK17R,PC52S-WK17R_RAUpdate,0
PC52S-WK18R,PC52S-WK18R_PDP,0
PC52S-WK18R,PC52S-WK18R_Paging,0
PC52S-WK18R,PC52S-WK18R_RAB,0
PC52S-WK18R,PC52S-WK18R_RAUpdate,0
PC52S-WK19R,PC52S-WK19R_PDP,0
PC52S-WK19R,PC52S-WK19R_Paging,0
PC52S-WK19R,PC52S-WK19R_RAB,0
PC52S-WK19R,PC52S-WK19R_RAUpdate,0
PC52S-WK20R,PC52S-WK20R_PDP,0
PC52S-WK20R,PC52S-WK20R_Paging,0
PC52S-WK20R,PC52S-WK20R_RAB,0
PC52S-WK20R,PC52S-WK20R_RAUpdate,0
PC52S-WK31R,PC52S-WK31R_PDP,0
PC52S-WK31R,PC52S-WK31R_Paging,0
PC52S-WK31R,PC52S-WK31R_RAB,0
PC52S-WK31R,PC52S-WK31R_RAUpdate,0
PC52S-WK32R,PC52S-WK32R_PDP,0
PC52S-WK32R,PC52S-WK32R_Paging,0
PC52S-WK32R,PC52S-WK32R_RAB,0
PC52S-WK32R,PC52S-WK32R_RAUpdate,0
PC53G,internet_GnCreatedFail,0
PC53G,internet_GxStartReqTransactionFail,0
PC53G,internet_GyStartReqTransactionFail,0
PC54G,internet_GnCreatedFail,0
PC54G,internet_GxStartReqTransactionFail,0
PC54G,internet_GyStartReqTransactionFail,0
PCCW,router_nttmx_1_ae0_501_log,0
PCCW,router_nttmx_1_ae0_502_log,0
PCCW,router_nttmx_1_ae0_503_log,0
PCCW,router_nttmx_2_ae0_504_log,0
PCCW,router_nttmx_2_ae0_505_log,0
PCCW,router_nttmx_2_ae0_506_log,0
PCCW_CLS,router_nht640_1_xe210_log,0
PCCW_CLS,router_nht640_1_xe211_log,0
PCCW_CLS,router_nht640_1_xe717_log,0
PCCW_CLS,router_nht640_2_xe402_log,0
PCCW_CLS,router_nht640_2_xe411_log,0
PCCW_CLS,router_nht640_2_xe711_log,0
PCHSSF,CP_LOAD,0
SCJ-1A75-01,CTP-1A75-01_Throughput,0
SCJ-1A75-02,NNH-1A75-01_Throughput,0
SCJ-2A72-01,KS21R_Throughput,0
SCJ-2A72-01,KS22R_Throughput,0
SCJ-2A72-01,KS23R_Throughput,0
SCJ-2A72-01,KS24R_Throughput,0
SCJ-2A72-01,KS25R_Throughput,0
SCJ-2A72-01,KS26R_Throughput,0
SCJ-2A72-01,KS27R_Throughput,0
SCJ-2A72-01,KS28R_Throughput,0
SCJ-2A72-01,KS29R_Throughput,0
SCJ-2A72-01,KS30R_Throughput,0
SCJ-2A72-01,KS31R_Throughput,0
SCJ-2A72-01,KS32R_Throughput,0
SCJ-2A72-01,KS33R_Throughput,0
SCJ-2A72-01,KS34R_Throughput,0
SCJ-2A72-02,KS21R_Throughput,0
SCJ-2A72-02,KS22R_Throughput,0
SCJ-2A72-02,KS23R_Throughput,0
SCJ-2A72-02,KS24R_Throughput,0
SCJ-2A72-02,KS25R_Throughput,0
SCJ-2A72-02,KS26R_Throughput,0
SCJ-2A72-02,KS27R_Throughput,0
SCJ-2A72-02,KS28R_Throughput,0
SCJ-2A72-02,KS29R_Throughput,0
SCJ-2A72-02,KS30R_Throughput,0
SCJ-2A72-02,KS31R_Throughput,0
SCJ-2A72-02,KS32R_Throughput,0
SCJ-2A72-02,KS33R_Throughput,0
SCJ-2A72-02,KS34R_Throughput,0
SCJ-2A72-03,KS35R_Throughput,0
SCJ-2A72-03,KS36R_Throughput,0
SCJ-2A72-04,KS35R_Throughput,0
SCJ-2A72-04,KS36R_Throughput,0
SCJ-3A23-03,KS28R_Throughput,0
SCJ-3A23-03,KS29R_Throughput,0
SCJ-3A23-03,KS30R_Throughput,0
SCJ-3A23-03,KS31R_Throughput,0
SCJ-3A23-04,KS28R_Throughput,0
SCJ-3A23-04,KS29R_Throughput,0
SCJ-3A23-04,KS30R_Throughput,0
SCJ-3A23-04,KS31R_Throughput,0
SCJ-3A23-05,KS21R_Throughput,0
SCJ-3A23-05,KS22R_Throughput,0
SCJ-3A23-05,KS23R_Throughput,0
SCJ-3A23-05,KS24R_Throughput,0
SCJ-3A23-05,KS25R_Throughput,0
SCJ-3A23-05,KS26R_Throughput,0
SCJ-3A23-05,KS27R_Throughput,0
SCJ-3A23-05,KS28R_Throughput,0
SCJ-3A23-05,KS29R_Throughput,0
SCJ-3A23-05,KS30R_Throughput,0
SCJ-3A23-05,KS31R_Throughput,0
SCJ-3A23-06,KS21R_Throughput,0
SCJ-3A23-06,KS22R_Throughput,0
SCJ-3A23-06,KS23R_Throughput,0
SCJ-3A23-06,KS24R_Throughput,0
SCJ-3A23-06,KS25R_Throughput,0
SCJ-3A23-06,KS26R_Throughput,0
SCJ-3A23-06,KS27R_Throughput,0
SCJ-3A23-06,KS28R_Throughput,0
SCJ-3A23-06,KS29R_Throughput,0
SCJ-3A23-06,KS30R_Throughput,0
SCJ-3A23-06,KS31R_Throughput,0
SPCPE.JRT001,PC51G_Throughput,0
SPCPE.JRT001,PC52G_Throughput,0
SPCPE.JRT001,PC52S_Payload_Throughput,0
SPCPE.JRT001,PC53G_Throughput,0
SPCPE.JRT001,PC53S_Throughput,0
SPCPE.JRT001,PC54G_Throughput,0
SPCPE.JRT002,PC51G_Throughput,0
SPCPE.JRT002,PC52G_Throughput,0
SPCPE.JRT002,PC52S_Payload_Throughput,0
SPCPE.JRT002,PC53G_Throughput,0
SPCPE.JRT002,PC53S_Throughput,0
SPCPE.JRT002,PC54G_Throughput,0
SPCPE.SRT001,PC01MC_Throughput,0
SPCPE.SRT001,PC01MG_Throughput,0
SPCPE.SRT001,PC02MC_Throughput,0
SPCPE.SRT001,PC02MG_Throughput,0
SPCPE.SRT001,PC52S_Signaling_Throughput,0
SPCPE.SRT001,PC53S_Throughput,0
SPCPE.SRT002,PC01MC_Throughput,0
SPCPE.SRT002,PC01MG_Throughput,0
SPCPE.SRT002,PC02MC_Throughput,0
SPCPE.SRT002,PC02MG_Throughput,0
SPCPE.SRT002,PC52S_Signaling_Throughput,0
SPCPE.SRT002,PC53S_Throughput,0
STN-2A72-01,TN21R_Throughput,0
STN-2A72-01,TN22R_Throughput,0
STN-2A72-01,TN23R_Throughput,0
STN-2A72-01,TN24R_Throughput,0
STN-2A72-01,TN25R_Throughput,0
STN-2A72-01,TN26R_Throughput,0
STN-2A72-01,TN27R_Throughput,0
STN-2A72-02,TN21R_Throughput,0
STN-2A72-02,TN22R_Throughput,0
STN-2A72-02,TN23R_Throughput,0
STN-2A72-02,TN24R_Throughput,0
STN-2A72-02,TN25R_Throughput,0
STN-2A72-02,TN26R_Throughput,0
STN-2A72-02,TN27R_Throughput,0
STN-2A72-03,TN28R_Throughput,0
STN-2A72-03,TN29R_Throughput,0
STN-2A72-03,X0002-2A73-01_Throughput,2
STN-2A72-04,TN28R_Throughput,0
STN-2A72-04,TN29R_Throughput,0
STN-2A72-04,X0002-2A73-01_Throughput,2
TC01R,TC01R_RAB_Attempt,0
TC01R,TC01R_RRC_Attempt,0
TC02R,TC02R_RAB_Attempt,0
TC02R,TC02R_RRC_Attempt,0
TC03R,TC03R_RAB_Attempt,0
TC03R,TC03R_RRC_Attempt,0
TC04R,TC04R_RAB_Attempt,0
TC04R,TC04R_RRC_Attempt,0
TC05R,TC05R_RAB_Attempt,0
TC05R,TC05R_RRC_Attempt,0
TD01MC,CP_LOAD,0
TD01MC,RP323_RPLOAD,0
TD01MC,RP323_RPLOAD_BigChange,0
TD01MC,RP325_RPLOAD,0
TD01MC,RP325_RPLOAD_BigChange,0
TD01MC,RP372_RPLOAD,0
TD01MC,RP372_RPLOAD_BigChange,0
TD01MC,RP374_RPLOAD,0
TD01MC,RP374_RPLOAD_BigChange,0
TD01MC,RP398_RPLOAD,0
TD01MC,RP398_RPLOAD_BigChange,0
TD01MC,RP400_RPLOAD,0
TD01MC,RP400_RPLOAD_BigChange,0
TD01MC,RP424_RPLOAD,0
TD01MC,RP424_RPLOAD_BigChange,0
TD01MC,RP426_RPLOAD,0
TD01MC,RP426_RPLOAD_BigChange,0
TD01MC,SCCPMessagesCount_BigChange,0
TD01MC,SLI323_SCTPTM,0
TD01MC,SLI325_SCTPTM,0
TD01MC,SLI372_SCTPTM,0
TD01MC,SLI374_SCTPTM,0
TD01MC,SLI398_SCTPTM,0
TD01MC,SLI400_SCTPTM,0
TD01MC,SLI424_SCTPTM,0
TD01MC,SLI426_SCTPTM,0
TD01R,TD01R_RAB_Attempt,0
TD01R,TD01R_RRC_Attempt,0
TD02R,TD02R_RAB_Attempt,0
TD02R,TD02R_RRC_Attempt,0
TD04R,TD04R_RAB_Attempt,0
TD04R,TD04R_RRC_Attempt,0
TD05R,TD05R_RAB_Attempt,0
TD05R,TD05R_RRC_Attempt,0
TD07R,TD07R_RAB_Attempt,0
TD07R,TD07R_RRC_Attempt,0
TD08R,TD08R_RAB_Attempt,0
TD08R,TD08R_RRC_Attempt,0
TD09R,TD09R_RAB_Attempt,0
TD09R,TD09R_RRC_Attempt,0
TD10R,TD10R_RAB_Attempt,0
TD10R,TD10R_RRC_Attempt,0
TD11G,internet_GnCreatedFail,0
TD11G,internet_GxStartReqTransactionFail,0
TD11G,internet_GyStartReqTransactionFail,0
TD11R,TD11R_RAB_Attempt,0
TD11R,TD11R_RRC_Attempt,0
TD12R,TD12R_RAB_Attempt,0
TD12R,TD12R_RRC_Attempt,0
TD13R,TD13R_RAB_Attempt,0
TD13R,TD13R_RRC_Attempt,0
TD14R,TD14R_RAB_Attempt,0
TD14R,TD14R_RRC_Attempt,0
TD15R,TD15R_RAB_Attempt,0
TD15R,TD15R_RRC_Attempt,0
TFN,lansw_pbr6509_1_te32_log,0
TFN,lansw_pbr6509_1_te74_log,0
TFN,router_nh220_cpp_ex45_001_xe007_log,0
TM01R,TM01R_RAB_Attempt,0
TM01R,TM01R_RRC_Attempt,0
TM02R,TM02R_RAB_Attempt,0
TM02R,TM02R_RRC_Attempt,0
TM03R,TM03R_RAB_Attempt,0
TM03R,TM03R_RRC_Attempt,0
TM04R,TM04R_RAB_Attempt,0
TM04R,TM04R_RRC_Attempt,0
TM05R,TM05R_RAB_Attempt,0
TM05R,TM05R_RRC_Attempt,0
TN01MC,CP_LOAD,0
TN01MC,RP100_RPLOAD,0
TN01MC,RP100_RPLOAD_BigChange,0
TN01MC,RP102_RPLOAD,0
TN01MC,RP102_RPLOAD_BigChange,0
TN01MC,RP105_RPLOAD,0
TN01MC,RP105_RPLOAD_BigChange,0
TN01MC,RP107_RPLOAD,0
TN01MC,RP107_RPLOAD_BigChange,0
TN01MC,RP111_RPLOAD,0
TN01MC,RP111_RPLOAD_BigChange,0
TN01MC,RP113_RPLOAD,0
TN01MC,RP113_RPLOAD_BigChange,0
TN01MC,RP117_RPLOAD,0
TN01MC,RP117_RPLOAD_BigChange,0
TN01MC,RP119_RPLOAD,0
TN01MC,RP119_RPLOAD_BigChange,0
TN01MC,SCCPMessagesCount_BigChange,0
TN01MC,SLI100_SCTPTM,0
TN01MC,SLI102_SCTPTM,0
TN01MC,SLI105_SCTPTM,0
TN01MC,SLI107_SCTPTM,0
TN01MC,SLI111_SCTPTM,0
TN01MC,SLI113_SCTPTM,0
TN01MC,SLI117_SCTPTM,0
TN01MC,SLI119_SCTPTM,0
TN01MG,B7601_MTP3BUtil,0
TN01MG,B7602_MTP3BUtil,0
TN01MG,B7603_MTP3BUtil,0
TN01MG,B7604_MTP3BUtil,0
TN01MG,B7606_MTP3BUtil,0
TN01MG,B7608_MTP3BUtil,0
TN21R,TN21R_RAB_Attempt,0
TN21R,TN21R_RRC_Attempt,0
TN22R,TN22R_RAB_Attempt,0
TN22R,TN22R_RRC_Attempt,0
TN23R,TN23R_RAB_Attempt,0
TN23R,TN23R_RRC_Attempt,0
TN24R,TN24R_RAB_Attempt,0
TN24R,TN24R_RRC_Attempt,0
TN25R,TN25R_RAB_Attempt,0
TN25R,TN25R_RRC_Attempt,0
TN26R,TN26R_RAB_Attempt,0
TN26R,TN26R_RRC_Attempt,0
TN27R,TN27R_RAB_Attempt,0
TN27R,TN27R_RRC_Attempt,0
TN28R,TN28R_RAB_Attempt,0
TN28R,TN28R_RRC_Attempt,0
TN29R,TN29R_RAB_Attempt,0
TN29R,TN29R_RRC_Attempt,0
TP01MC,CP_LOAD,0
TP01MC,RP10_RPLOAD,0
TP01MC,RP10_RPLOAD_BigChange,0
TP01MC,RP11_RPLOAD,0
TP01MC,RP11_RPLOAD_BigChange,0
TP01MC,RP12_RPLOAD,0
TP01MC,RP12_RPLOAD_BigChange,0
TP01MC,RP13_RPLOAD,0
TP01MC,RP13_RPLOAD_BigChange,0
TP01MC,RP14_RPLOAD,0
TP01MC,RP14_RPLOAD_BigChange,0
TP01MC,RP6_RPLOAD,0
TP01MC,RP6_RPLOAD_BigChange,0
TP01MC,RP7_RPLOAD,0
TP01MC,RP7_RPLOAD_BigChange,0
TP01MC,RP9_RPLOAD,0
TP01MC,RP9_RPLOAD_BigChange,0
TP01MC,SCCPMessagesCount_BigChange,0
TP01MC,SLI10_SCTPTM,0
TP01MC,SLI11_SCTPTM,0
TP01MC,SLI12_SCTPTM,0
TP01MC,SLI13_SCTPTM,0
TP01MC,SLI14_SCTPTM,0
TP01MC,SLI6_SCTPTM,0
TP01MC,SLI7_SCTPTM,0
TP01MC,SLI9_SCTPTM,0
TP11G,internet_GnCreatedFail,0
TP11G,internet_GxStartReqTransactionFail,0
TP11G,internet_GyStartReqTransactionFail,0
TP12G,internet_GnCreatedFail,0
TP12G,internet_GxStartReqTransactionFail,0
TP12G,internet_GyStartReqTransactionFail,0
TWAMP_A1234,TWAMP_B1234_SLA,0
TWAMP_A3009,TWAMP_NH468_Performance,0
TWAMP_A3009,TWAMP_PC326_Performance,0
TWAMP_C0089,TWAMP_NH468_Performance,0
TWAMP_C0089,TWAMP_PC326_Performance,0
TWAMP_F1225,TWAMP_NH468_Performance,0
TWAMP_F1225,TWAMP_PC326_Performance,0
TWAMP_G0117,TWAMP_NH468_Performance,0
TWAMP_G0117,TWAMP_PC326_Performance,0
TWAMP_H1747,TWAMP_NH468_Performance,0
TWAMP_H1747,TWAMP_PC326_Performance,0
TWAMP_J1185,TWAMP_NH468_Performance,0
TWAMP_J1185,TWAMP_PC326_Performance,0
TWAMP_K0377,TWAMP_NH468_Performance,0
TWAMP_K0377,TWAMP_PC326_Performance,0
TWAMP_L0569,TWAMP_NH468_Performance,0
TWAMP_L0569,TWAMP_PC326_Performance,0
TWAMP_M0266,TWAMP_NH468_Performance,0
TWAMP_M0266,TWAMP_PC326_Performance,0
TWAMP_N0082,TWAMP_NH468_Performance,0
TWAMP_N0082,TWAMP_PC326_Performance,0
TWAMP_NH468,TWAMP_A3009_Performance,0
TWAMP_NH468,TWAMP_C0089_Performance,0
TWAMP_NH468,TWAMP_F1225_Performance,0
TWAMP_NH468,TWAMP_G0117_Performance,0
TWAMP_NH468,TWAMP_H1747_Performance,0
TWAMP_NH468,TWAMP_J1185_Performance,0
TWAMP_NH468,TWAMP_K0377_Performance,0
TWAMP_NH468,TWAMP_L0569_Performance,0
TWAMP_NH468,TWAMP_M0266_Performance,0
TWAMP_NH468,TWAMP_N0082_Performance,0
TWAMP_NH468,TWAMP_P0071_Performance,0
TWAMP_NH468,TWAMP_Q0496_Performance,0
TWAMP_NH468,TWAMP_R0399_Performance,0
TWAMP_NH468,TWAMP_S0217_Performance,0
TWAMP_NH468,TWAMP_T0654_Performance,0
TWAMP_NH468,TWAMP_U0157_Performance,0
TWAMP_NH468,TWAMP_V0169_Performance,0
TWAMP_NH468,TWAMP_W0022_Performance,0
TWAMP_NH468,TWAMP_X0008_Performance,0
TWAMP_NH468,TWAMP_Z0001_Performance,0
TWAMP_P0071,TWAMP_NH468_Performance,0
TWAMP_P0071,TWAMP_PC326_Performance,0
TWAMP_PC326,TWAMP_A3009_Performance,0
TWAMP_PC326,TWAMP_C0089_Performance,0
TWAMP_PC326,TWAMP_F1225_Performance,0
TWAMP_PC326,TWAMP_G0117_Performance,0
TWAMP_PC326,TWAMP_H1747_Performance,0
TWAMP_PC326,TWAMP_J1185_Performance,0
TWAMP_PC326,TWAMP_K0377_Performance,0
TWAMP_PC326,TWAMP_L0569_Performance,0
TWAMP_PC326,TWAMP_M0266_Performance,0
TWAMP_PC326,TWAMP_N0082_Performance,0
TWAMP_PC326,TWAMP_P0071_Performance,0
TWAMP_PC326,TWAMP_Q0496_Performance,0
TWAMP_PC326,TWAMP_R0399_Performance,0
TWAMP_PC326,TWAMP_S0217_Performance,0
TWAMP_PC326,TWAMP_T0654_Performance,0
TWAMP_PC326,TWAMP_U0157_Performance,0
TWAMP_PC326,TWAMP_V0169_Performance,0
TWAMP_PC326,TWAMP_W0022_Performance,0
TWAMP_PC326,TWAMP_X0008_Performance,0
TWAMP_PC326,TWAMP_Z0001_Performance,0
TWAMP_Q0496,TWAMP_NH468_Performance,0
TWAMP_Q0496,TWAMP_PC326_Performance,0
TWAMP_R0399,TWAMP_NH468_Performance,0
TWAMP_R0399,TWAMP_PC326_Performance,0
TWAMP_S0217,TWAMP_NH468_Performance,0
TWAMP_S0217,TWAMP_PC326_Performance,0
TWAMP_T0654,TWAMP_NH468_Performance,0
TWAMP_T0654,TWAMP_PC326_Performance,0
TWAMP_U0157,TWAMP_NH468_Performance,0
TWAMP_U0157,TWAMP_PC326_Performance,0
TWAMP_V0169,TWAMP_NH468_Performance,0
TWAMP_V0169,TWAMP_PC326_Performance,0
TWAMP_W0022,TWAMP_NH468_Performance,0
TWAMP_W0022,TWAMP_PC326_Performance,0
TWAMP_X0008,TWAMP_NH468_Performance,0
TWAMP_X0008,TWAMP_PC326_Performance,0
TWAMP_Z0001,TWAMP_NH468_Performance,0
TWAMP_Z0001,TWAMP_PC326_Performance,0
TWGATE,lansw_twgate59_214_te012_log,0
TWGATE,lansw_twgate59_214_te08_log,0
TWGATE,router_pc326_cpp2_t16_001_xe002_log,0
TWIX,router_twixt320_1_ge600_log,0
TWIX,router_twixt320_2_xe009_log,0
TY01MC,CP_LOAD,0
TY01MC,RP20_RPLOAD,0
TY01MC,RP20_RPLOAD_BigChange,0
TY01MC,RP21_RPLOAD,0
TY01MC,RP21_RPLOAD_BigChange,0
TY01MC,RP22_RPLOAD,0
TY01MC,RP22_RPLOAD_BigChange,0
TY01MC,RP23_RPLOAD,0
TY01MC,RP23_RPLOAD_BigChange,0
TY01MC,RP24_RPLOAD,0
TY01MC,RP24_RPLOAD_BigChange,0
TY01MC,RP25_RPLOAD,0
TY01MC,RP25_RPLOAD_BigChange,0
TY01MC,RP26_RPLOAD,0
TY01MC,RP26_RPLOAD_BigChange,0
TY01MC,RP27_RPLOAD,0
TY01MC,RP27_RPLOAD_BigChange,0
TY01MC,SCCPMessagesCount_BigChange,0
TY01MC,SLI20_SCTPTM,0
TY01MC,SLI21_SCTPTM,0
TY01MC,SLI22_SCTPTM,0
TY01MC,SLI23_SCTPTM,0
TY01MC,SLI24_SCTPTM,0
TY01MC,SLI25_SCTPTM,0
TY01MC,SLI26_SCTPTM,0
TY01MC,SLI27_SCTPTM,0
TY01MG,TY12B_MTP3BUtil,0
TY01MG,TY13B_MTP3BUtil,0
TY01MG,TY14B_MTP3BUtil,0
TY01MG,TY3B_MTP3BUtil,0
TY01MG,TY4B_MTP3BUtil,0
TY01MG,TY5B_MTP3BUtil,0
TY01MG,TY6B_MTP3BUtil,0
TY02MC,CP_LOAD,0
TY02MC,RP12_RPLOAD,0
TY02MC,RP12_RPLOAD_BigChange,0
TY02MC,RP13_RPLOAD,0
TY02MC,RP13_RPLOAD_BigChange,0
TY02MC,RP16_RPLOAD,0
TY02MC,RP16_RPLOAD_BigChange,0
TY02MC,RP17_RPLOAD,0
TY02MC,RP17_RPLOAD_BigChange,0
TY02MC,RP20_RPLOAD,0
TY02MC,RP20_RPLOAD_BigChange,0
TY02MC,RP21_RPLOAD,0
TY02MC,RP21_RPLOAD_BigChange,0
TY02MC,RP8_RPLOAD,0
TY02MC,RP8_RPLOAD_BigChange,0
TY02MC,RP9_RPLOAD,0
TY02MC,RP9_RPLOAD_BigChange,0
TY02MC,SCCPMessagesCount_BigChange,0
TY02MC,SLI12_SCTPTM,0
TY02MC,SLI13_SCTPTM,0
TY02MC,SLI16_SCTPTM,0
TY02MC,SLI17_SCTPTM,0
TY02MC,SLI20_SCTPTM,0
TY02MC,SLI21_SCTPTM,0
TY02MC,SLI8_SCTPTM,0
TY02MC,SLI9_SCTPTM,0
TY02MG,TY12B_MTP3BUtil,0
TY02MG,TY13B_MTP3BUtil,0
TY02MG,TY14B_MTP3BUtil,0
TY02MG,TY3B_MTP3BUtil,0
TY02MG,TY4B_MTP3BUtil,0
TY02MG,TY5B_MTP3BUtil,0
TY02MG,TY6B_MTP3BUtil,0
TY07R,TY07R_RAB_Attempt,0
TY07R,TY07R_RRC_Attempt,0
TY09R,TY09R_RAB_Attempt,0
TY09R,TY09R_RRC_Attempt,0
TY10R,TY10R_RAB_Attempt,0
TY10R,TY10R_RRC_Attempt,0
TY11R,TY11R_RAB_Attempt,0
TY11R,TY11R_RRC_Attempt,0
TY12R,TY12R_RAB_Attempt,0
TY12R,TY12R_RRC_Attempt,0
TY13R,TY13R_RAB_Attempt,0
TY13R,TY13R_RRC_Attempt,0
TY14R,TY14R_RAB_Attempt,0
TY14R,TY14R_RRC_Attempt,0
TY15R,TY15R_RAB_Attempt,0
TY15R,TY15R_RRC_Attempt,0
TY16R,TY16R_RAB_Attempt,0
TY16R,TY16R_RRC_Attempt,0
TY17R,TY17R_RAB_Attempt,0
TY17R,TY17R_RRC_Attempt,0
TY18R,TY18R_RAB_Attempt,0
TY18R,TY18R_RRC_Attempt,0
TY19R,TY19R_RAB_Attempt,0
TY19R,TY19R_RRC_Attempt,0
TY20R,TY20R_RAB_Attempt,0
TY20R,TY20R_RRC_Attempt,0
TY21R,TY21R_RAB_Attempt,0
TY21R,TY21R_RRC_Attempt,0
TY22R,TY22R_RAB_Attempt,0
TY22R,TY22R_RRC_Attempt,0
TY23R,TY23R_RAB_Attempt,0
TY23R,TY23R_RRC_Attempt,0
TY24R,TY24R_RAB_Attempt,0
TY24R,TY24R_RRC_Attempt,0
TY53G,internet_GnCreatedFail,0
TY53G,internet_GxStartReqTransactionFail,0
TY53G,internet_GyStartReqTransactionFail,0
UFL-2A72-01,UHL-2A72-01_Throughput,0
UFL-2A72-01,UHL-2A72-02_Throughput,0
UHL-2A72-01,NNH-2A72-01_Throughput,0
UHL-2A72-01,UFL-2A72-01_Throughput,0
UHL-2A72-01,UHL-2A72-02_Throughput,0
UHL-2A72-01,UUL-2A72-01_Throughput,0
UHL-2A72-01_2G,NNH-2A72-01_2G_Throughput,0
UHL-2A72-02,NNH-2A72-02_Throughput,0
UHL-2A72-02,UFL-2A72-01_Throughput,0
UHL-2A72-02,UHL-2A72-01_Throughput,0
UHL-2A72-02,UUL-2A72-01_Throughput,0
UUL-2A72-01,UHL-2A72-01,0
UUL-2A72-01,UHL-2A72-01_Throughput,0
UUL-2A72-01,UHL-2A72-02,0
UUL-2A72-01,UHL-2A72-02_Throughput,0
Video,router_nh220_cache_c6509_001_pc40_202_log,0
Video,router_nh220_cache_c6509_002_pc40_202_log,0
WK01MC,CP_LOAD,0
WK01MC,RP164_RPLOAD,0
WK01MC,RP164_RPLOAD_BigChange,0
WK01MC,RP166_RPLOAD,0
WK01MC,RP166_RPLOAD_BigChange,0
WK01MC,RP169_RPLOAD,0
WK01MC,RP169_RPLOAD_BigChange,0
WK01MC,RP171_RPLOAD,0
WK01MC,RP171_RPLOAD_BigChange,0
WK01MC,RP175_RPLOAD,0
WK01MC,RP175_RPLOAD_BigChange,0
WK01MC,RP177_RPLOAD,0
WK01MC,RP177_RPLOAD_BigChange,0
WK01MC,RP181_RPLOAD,0
WK01MC,RP181_RPLOAD_BigChange,0
WK01MC,RP183_RPLOAD,0
WK01MC,RP183_RPLOAD_BigChange,0
WK01MC,SCCPMessagesCount_BigChange,0
WK01MC,SLI164_SCTPTM,0
WK01MC,SLI166_SCTPTM,0
WK01MC,SLI169_SCTPTM,0
WK01MC,SLI171_SCTPTM,0
WK01MC,SLI175_SCTPTM,0
WK01MC,SLI177_SCTPTM,0
WK01MC,SLI181_SCTPTM,0
WK01MC,SLI183_SCTPTM,0
WK01MG,WK11B_MTP3BUtil,0
WK01MG,WK8B_MTP3BUtil,0
WK02MG,WK11B_MTP3BUtil,0
WK02MG,WK8B_MTP3BUtil,0
WK10R,WK10R_RAB_Attempt,0
WK10R,WK10R_RRC_Attempt,0
WK12R,WK12R_RAB_Attempt,0
WK12R,WK12R_RRC_Attempt,0
WK13R,WK13R_RAB_Attempt,0
WK13R,WK13R_RRC_Attempt,0
WK14R,WK14R_RAB_Attempt,0
WK14R,WK14R_RRC_Attempt,0
WK15R,WK15R_RAB_Attempt,0
WK15R,WK15R_RRC_Attempt,0
WK16R,WK16R_RAB_Attempt,0
WK16R,WK16R_RRC_Attempt,0
WK17R,WK17R_RAB_Attempt,0
WK17R,WK17R_RRC_Attempt,0
WK18R,WK18R_RAB_Attempt,0
WK18R,WK18R_RRC_Attempt,0
WK19R,WK19R_RAB_Attempt,0
WK19R,WK19R_RRC_Attempt,0
WK20R,WK20R_RAB_Attempt,0
WK20R,WK20R_RRC_Attempt,0
WK31R,WK31R_RAB_Attempt,0
WK31R,WK31R_RRC_Attempt,0
WK32R,WK32R_RAB_Attempt,0
WK32R,WK32R_RRC_Attempt,0
X0002-2A73-01,STN-2A72-03_Throughput,0
X0002-2A73-01,STN-2A72-04_Throughput,0
akamai,sum_akamai_counter_log,0
google,router_nh220_cache_c6509_001_pc48_log,0
google,router_nh220_cache_c6509_001_te21_log,0
google,router_nh220_cache_c6509_001_te22_log,0
google,router_nh220_cache_c6509_001_te23_log,0
google,router_nh220_cache_c6509_001_te24_log,0
google,router_nh220_cache_c6509_001_te31_log,0
google,router_nh220_cache_c6509_001_te32_log,0
google,router_nh220_cache_c6509_001_te33_log,0
google,router_nh220_cache_c6509_001_te34_log,0
google,router_nh220_cache_c6509_002_pc46_log,0
google,router_nh220_cache_c6509_002_te21_log,0
google,router_nh220_cache_c6509_002_te22_log,0
google,router_nh220_cache_c6509_002_te23_log,0
google,router_nh220_cache_c6509_002_te24_log,0
google,router_nh220_cache_c6509_002_te31_log,0
google,router_nh220_cache_c6509_002_te32_log,0
google,router_nh220_cache_c6509_002_te33_log,0
google,router_nh220_cache_c6509_002_te34_log,0
google,router_pc326_cpp2_ex45_001_ae3_log,0
google_chief,lansw_ntt57_58_xe0017_log,0
google_chief,lansw_ntt57_58_xe0026_log,0
google_chief,lansw_ntt57_58_xe0032_log,0
google_chief,lansw_ntt57_58_xe0033_log,0
google_chief,lansw_ntt57_58_xe009_log,0
google_chief,lansw_ntt57_58_xe1017_log,0
google_chief,lansw_ntt57_58_xe1026_log,0
google_chief,lansw_ntt57_58_xe1032_log,0
google_chief,lansw_ntt57_58_xe1033_log,0
google_chief,lansw_ntt57_58_xe109_log,0
hinet,router_twixt320_1_ge010_log,0
hinet,router_twixt320_1_ge500_log,0
hinet,router_twixt320_2_xe004_log,0
hinet,router_twixt320_2_xe005_log,0
ksstp,HLR12_STPSigtranUtil,0
ksstp,HLR13_STPSigtranUtil,0
ksstp,HLR6_STPSigtranUtil,0
ksstp,KS01MC_STPSigtranUtil,0
ksstp,KS02MC_STPSigtranUtil,0
ksstp,PC51S_STPSigtranUtil,0
ksstp,TD01MC_STPSigtranUtil,0
ksstp,TM51S_STPSigtranUtil,0
ksstp,TN01MC_STPSigtranUtil,0
ksstp,TY01MC_STPSigtranUtil,0
ksstp,TY02MC_STPSigtranUtil,0
ksstp,TY55S_STPSigtranUtil,0
ksstp,TY56S_STPSigtranUtil,0
ksstp,WK52S_STPSigtranUtil,0
ntt,router_nttmx_1_ae0_61_log,0
ntt,router_nttmx_1_ae0_62_log,0
ntt,router_nttmx_1_ae0_63_log,0
ntt,router_nttmx_1_xe130_log,0
ntt,router_nttmx_2_xe120_log,0
ntt,router_nttmx_2_xe130_log,0
tdstp,HLR12_STPSigtranUtil,0
tdstp,HLR13_STPSigtranUtil,0
tdstp,HLR6_STPSigtranUtil,0
tdstp,KS01MC_STPSigtranUtil,0
tdstp,KS02MC_STPSigtranUtil,0
tdstp,PC51S_STPSigtranUtil,0
tdstp,TD01MC_STPSigtranUtil,0
tdstp,TM51S_STPSigtranUtil,0
tdstp,TN01MC_STPSigtranUtil,0
tdstp,TY01MC_STPSigtranUtil,0
tdstp,TY02MC_STPSigtranUtil,0
tdstp,TY55S_STPSigtranUtil,0
tdstp,TY56S_STPSigtranUtil,0
tdstp,WK52S_STPSigtranUtil,0
tpstp,HLR12_STPSigtranUtil,0
tpstp,HLR5_STPSigtranUtil,0
tpstp,PC01MC_STPSigtranUtil,0
tpstp,PC02MC_STPSigtranUtil,0
tpstp,PC52S_STPSigtranUtil,0
tpstp,PC53S_STPSigtranUtil,0
tpstp,TM53S_STPSigtranUtil,0
tpstp,TM54S_STPSigtranUtil,0
tpstp,TP01MC_STPSigtranUtil,0
tpstp,TY01MC_STPSigtranUtil,0
tpstp,TY02MC_STPSigtranUtil,0
tpstp,WK01MC_STPSigtranUtil,0
tystp,HLR12_STPSigtranUtil,0
tystp,HLR5_STPSigtranUtil,0
tystp,PC01MC_STPSigtranUtil,0
tystp,PC02MC_STPSigtranUtil,0
tystp,PC52S_STPSigtranUtil,0
tystp,PC53S_STPSigtranUtil,0
tystp,TM53S_STPSigtranUtil,0
tystp,TM54S_STPSigtranUtil,0
tystp,TP01MC_STPSigtranUtil,0
tystp,TY01MC_STPSigtranUtil,0
tystp,TY02MC_STPSigtranUtil,0
tystp,WK01MC_STPSigtranUtil,0